time,x,y,yaw_deg,v,w,state,reason,fault,narrow_usable,wide_usable,front_sector,front_clearance,pivot_valid,heading_valid,right_valid,right_distance,cap_gap,min_cap_gap,entered,approached,returned,contact,completed
0,0,0.05,0,0.0694445831,-0.158331253,FollowWall,following_right_wall,0,14,42,0.446561933,-1,-1,-1,1,0.353447229,-1,100,0,0,0,0,0
0.05,0.00144676018,0.0499976139,-0.188994012,0.0694445831,-0.158331253,FollowWall,following_right_wall,0,14,42,0.446561933,-1,-1,-1,1,0.353447229,-1,100,0,0,0,0,0
0.1,0.00373742691,0.049984076,-0.488234531,0.0701033766,-0.148449351,FollowWall,following_right_wall,0,14,42,0.451611668,-1,-1,-1,1,0.353924543,-1,100,0,0,0,0,0
0.15,0.00653397165,0.04995166,-0.839989861,0.0701033766,-0.148449351,FollowWall,following_right_wall,0,14,42,0.451611668,-1,-1,-1,1,0.353924543,-1,100,0,0,0,0,0
0.2,0.00962538528,0.0498960161,-1.22237883,0.0711570148,-0.132644778,FollowWall,following_right_wall,0,14,42,0.459635407,-1,-1,-1,1,0.354173005,-1,100,0,0,0,0,0
0.25,0.0129104405,0.0498149809,-1.6037721,0.0711570148,-0.132644778,FollowWall,following_right_wall,0,14,42,0.459635407,-1,-1,-1,1,0.354173005,-1,100,0,0,0,0,0
0.3,0.0163080769,0.0497085515,-1.98458455,0.0722503386,-0.116244921,FollowWall,following_right_wall,0,14,42,0.468548417,-1,-1,-1,1,0.355248511,-1,100,0,0,0,0,0
0.35,0.019793729,0.0495767765,-2.3454823,0.0722503386,-0.116244921,FollowWall,following_right_wall,0,14,42,0.468548417,-1,-1,-1,1,0.355248511,-1,100,0,0,0,0,0
0.4,0.0233302703,0.0494211234,-2.69476314,0.0732940315,-0.100589527,FollowWall,following_right_wall,0,14,42,0.477459669,-1,-1,-1,1,0.355129272,-1,100,0,0,0,0,0
0.45,0.0269177452,0.0492421095,-3.0185802,0.0732940315,-0.100589527,FollowWall,following_right_wall,0,14,42,0.477459669,-1,-1,-1,1,0.355129272,-1,100,0,0,0,0,0
0.5,0.0305344484,0.0490416101,-3.32754339,0.0742520083,-0.0862198758,FollowWall,following_right_wall,0,14,42,0.48597607,-1,-1,-1,1,0.355144888,-1,100,0,0,0,0,0
0.55,0.0341876416,0.0488201477,-3.61068931,0.0742520083,-0.0862198758,FollowWall,following_right_wall,0,14,42,0.48597607,-1,-1,-1,1,0.355144888,-1,100,0,0,0,0,0
0.6,0.037861639,0.0485796804,-3.87877516,0.0751164838,-0.0732527437,FollowWall,following_right_wall,0,14,42,0.49392435,-1,-1,-1,1,0.355070829,-1,100,0,0,0,0,0
0.65,0.0415652695,0.0483206527,-4.1225976,0.0751164838,-0.0732527437,FollowWall,following_right_wall,0,14,42,0.49392435,-1,-1,-1,1,0.355070829,-1,100,0,0,0,0,0
0.7,0.0452857267,0.0480449956,-4.35226638,0.0758413676,-0.0623794858,FollowWall,following_right_wall,0,14,42,0.501233816,-1,-1,-1,1,0.35434562,-1,100,0,0,0,0,0
0.75,0.0490306142,0.0477531283,-4.56069985,0.0758413676,-0.0623794858,FollowWall,following_right_wall,0,14,42,0.501233816,-1,-1,-1,1,0.35434562,-1,100,0,0,0,0,0
0.8,0.0527893258,0.047446832,-4.75674608,0.0764720112,-0.0529198322,FollowWall,following_right_wall,0,14,42,0.507916212,-1,-1,-1,1,0.353832752,-1,100,0,0,0,0,0
0.85,0.0565687864,0.0471264384,-4.93427477,0.0764720112,-0.0529198322,FollowWall,following_right_wall,0,14,42,0.507916212,-1,-1,-1,1,0.353832752,-1,100,0,0,0,0,0
0.9,0.0603599619,0.0467935774,-5.10100157,0.0770089851,-0.0448652238,FollowWall,following_right_wall,0,14,42,0.514006257,-1,-1,-1,1,0.353465021,-1,100,0,0,0,0,0
0.95,0.0641687452,0.0464485323,-5.25181279,0.0770089851,-0.0448652238,FollowWall,following_right_wall,0,14,42,0.514006257,-1,-1,-1,1,0.353465021,-1,100,0,0,0,0,0
1,0.0679874509,0.046092764,-5.39333991,0.0774830331,-0.0377545029,FollowWall,following_right_wall,0,14,42,0.519551873,-1,-1,-1,1,0.352998585,-1,100,0,0,0,0,0
1.05,0.0718214492,0.0457264855,-5.52096352,0.0774830331,-0.0377545029,FollowWall,following_right_wall,0,14,42,0.519551873,-1,-1,-1,1,0.352998585,-1,100,0,0,0,0,0
1.1,0.0756640609,0.0453510196,-5.64047674,0.0779025117,-0.0314623252,FollowWall,following_right_wall,0,14,42,0.524594486,-1,-1,-1,1,0.352537781,-1,100,0,0,0,0,0
1.15,0.0795201074,0.0449665351,-5.74774817,0.0779025117,-0.0314623252,FollowWall,following_right_wall,0,14,42,0.524594486,-1,-1,-1,1,0.352537781,-1,100,0,0,0,0,0
1.2,0.0833837251,0.0445742321,-5.84787856,0.078274138,-0.0258879304,FollowWall,following_right_wall,0,14,42,0.529169738,-1,-1,-1,1,0.352178991,-1,100,0,0,0,0,0
1.25,0.0872592155,0.0441742495,-5.93718939,0.078274138,-0.0258879304,FollowWall,following_right_wall,0,14,42,0.529169738,-1,-1,-1,1,0.352178991,-1,100,0,0,0,0,0
1.3,0.0911414062,0.0437676747,-6.02018882,0.0786035849,-0.0209462262,FollowWall,following_right_wall,0,14,42,0.533310831,-1,-1,-1,1,0.351645589,-1,100,0,0,0,0,0
1.35,0.0950341246,0.0433546247,-6.09360787,0.0786035849,-0.0209462262,FollowWall,following_right_wall,0,14,42,0.533310831,-1,-1,-1,1,0.351645589,-1,100,0,0,0,0,0
1.4,0.0989327972,0.0429360825,-6.16143836,0.0788928515,-0.0166072281,FollowWall,following_right_wall,0,14,42,0.530432105,-1,-1,-1,1,0.350986451,-1,100,0,0,0,0,0
1.45,0.102840765,0.0425121531,-6.22082957,0.0788928515,-0.0166072281,FollowWall,following_right_wall,0,14,42,0.530432105,-1,-1,-1,1,0.350986451,-1,100,0,0,0,0,0
1.5,0.106754005,0.0420837176,-6.27529785,0.0791665091,-0.012502364,FollowWall,following_right_wall,0,14,42,0.527769446,-1,-1,-1,1,0.350259542,-1,100,0,0,0,0,0
1.55,0.110675853,0.0416508353,-6.32199462,0.0791665091,-0.012502364,FollowWall,following_right_wall,0,14,42,0.527769446,-1,-1,-1,1,0.350259542,-1,100,0,0,0,0,0
1.6,0.114602606,0.0412143292,-6.364158,0.0794036008,-0.00894598796,FollowWall,following_right_wall,0,14,42,0.525357723,-1,-1,-1,1,0.349511236,-1,100,0,0,0,0,0
1.65,0.118537031,0.0407742786,-6.39943179,0.0794036008,-0.00894598796,FollowWall,following_right_wall,0,14,42,0.525357723,-1,-1,-1,1,0.349511236,-1,100,0,0,0,0,0
1.7,0.122475846,0.0403314214,-6.43068665,0.0796068891,-0.00589666409,FollowWall,following_right_wall,0,14,42,0.523171425,-1,-1,-1,1,0.34862271,-1,100,0,0,0,0,0
1.75,0.126421361,0.0398858399,-6.45595728,0.0796068891,-0.00589666409,FollowWall,following_right_wall,0,14,42,0.523171425,-1,-1,-1,1,0.34862271,-1,100,0,0,0,0,0
1.8,0.130370729,0.039438181,-6.47773711,0.0797794745,-0.00330788219,FollowWall,following_right_wall,0,14,42,0.521184444,-1,-1,-1,1,0.347640753,-1,100,0,0,0,0,0
1.85,0.134325874,0.0389885237,-6.4943905,0.0797794745,-0.00330788219,FollowWall,following_right_wall,0,14,42,0.521184444,-1,-1,-1,1,0.347640753,-1,100,0,0,0,0,0
1.9,0.138284356,0.038537426,-6.50805347,0.0798904437,-0.00164334425,FollowWall,following_right_wall,0,14,42,0.519372404,-1,-1,-1,1,0.346594363,-1,100,0,0,0,0,0
1.95,0.142247059,0.0380850209,-6.51798513,0.0798904437,-0.00164334425,FollowWall,following_right_wall,0,14,42,0.519372404,-1,-1,-1,1,0.346594363,-1,100,0,0,0,0,0
2,0.146212209,0.0376317165,-6.5257402,0.0799255988,-0.00111601792,FollowWall,following_right_wall,0,14,42,0.51769805,-1,-1,-1,1,0.345540881,-1,100,0,0,0,0,0
2.05,0.150179499,0.0371776899,-6.53159614,0.0799255988,-0.00111601792,FollowWall,following_right_wall,0,14,42,0.51769805,-1,-1,-1,1,0.345540881,-1,100,0,0,0,0,0
2.1,0.154148029,0.0367231494,-6.53634425,0.0799603562,-0.000594657547,FollowWall,following_right_wall,0,14,42,0.516110659,-1,-1,-1,1,0.344463468,-1,100,0,0,0,0,0
2.15,0.158117992,0.036268156,-6.5398238,0.0799603562,-0.000594657547,FollowWall,following_right_wall,0,14,42,0.516110659,-1,-1,-1,1,0.344463468,-1,100,0,0,0,0,0
2.2,0.162088786,0.035812849,-6.54256336,0.0799328637,0.00100704523,FollowWall,following_right_wall,0,14,42,0.514585853,-1,-1,-1,1,0.343521506,-1,100,0,0,0,0,0
2.25,0.166059498,0.0353574414,-6.54295937,0.0799328637,0.00100704523,FollowWall,following_right_wall,0,14,42,0.514585853,-1,-1,-1,1,0.343521506,-1,100,0,0,0,0,0
2.3,0.17003017,0.0349020584,-6.5419883,0.0798350005,0.00247499286,FollowWall,following_right_wall,0,14,42,0.513148665,-1,-1,-1,1,0.342661053,-1,100,0,0,0,0,0
2.35,0.173998812,0.034447066,-6.53846754,0.0798350005,0.00247499286,FollowWall,following_right_wall,0,14,42,0.513148665,-1,-1,-1,1,0.342661053,-1,100,0,0,0,0,0
2.4,0.177966292,0.033992506,-6.53345945,0.0797530087,0.00370486924,FollowWall,following_right_wall,0,14,42,0.511812627,-1,-1,-1,1,0.341616631,-1,100,0,0,0,0,0
2.45,0.181931426,0.0335386477,-6.52611571,0.0797530087,0.00370486924,FollowWall,following_right_wall,0,14,42,0.511812627,-1,-1,-1,1,0.341616631,-1,100,0,0,0,0,0
2.5,0.185895227,0.0330855044,-6.5174095,0.079686471,0.00470293562,FollowWall,following_right_wall,0,14,42,0.510575056,-1,-1,-1,1,0.340612382,-1,100,0,0,0,0,0
2.55,0.189856912,0.0326332824,-6.50671716,0.079686471,0.00470293562,FollowWall,following_right_wall,0,14,42,0.510575056,-1,-1,-1,1,0.340612382,-1,100,0,0,0,0,0
2.6,0.193817408,0.0321819855,-6.49486624,0.0796401646,0.00539753131,FollowWall,following_right_wall,0,14,42,0.509427309,-1,-1,-1,1,0.339617223,-1,100,0,0,0,0,0
2.65,0.197776299,0.0317317536,-6.48151038,0.0796401646,0.00539753131,FollowWall,following_right_wall,0,14,42,0.509427309,-1,-1,-1,1,0.339617223,-1,100,0,0,0,0,0
2.7,0.201734303,0.0312825878,-6.46727663,0.0796691049,0.00496342654,FollowWall,following_right_wall,0,14,42,0.508356094,-1,-1,-1,1,0.338646501,-1,100,0,0,0,0,0
2.75,0.205692438,0.0308344028,-6.45304896,0.0796691049,0.00496342654,FollowWall,following_right_wall,0,14,42,0.508356094,-1,-1,-1,1,0.338646501,-1,100,0,0,0,0,0
2.8,0.209650695,0.0303871994,-6.43882483,0.0796463855,0.00530421772,FollowWall,following_right_wall,0,14,42,0.507321239,-1,-1,-1,1,0.337920159,-1,100,0,0,0,0,0
2.85,0.213608601,0.0299410449,-6.42419598,0.0796463855,0.00530421772,FollowWall,following_right_wall,0,14,42,0.507321239,-1,-1,-1,1,0.337920159,-1,100,0,0,0,0,0
2.9,0.217566351,0.0294959396,-6.40933104,0.0796054675,0.005917987,FollowWall,following_right_wall,0,14,42,0.506324172,-1,-1,-1,1,0.337178141,-1,100,0,0,0,0,0
2.95,0.221523214,0.0290520038,-6.39359574,0.0796054675,0.005917987,FollowWall,following_right_wall,0,14,42,0.506324172,-1,-1,-1,1,0.337178141,-1,100,0,0,0,0,0
3,0.225479616,0.028609238,-6.37735275,0.0795795589,0.00630661696,FollowWall,following_right_wall,0,14,42,0.505378783,-1,-1,-1,1,0.336283237,-1,100,0,0,0,0,0
3.05,0.229435266,0.028167718,-6.3603497,0.0795795589,0.00630661696,FollowWall,following_right_wall,0,14,42,0.505378783,-1,-1,-1,1,0.336283237,-1,100,0,0,0,0,0
3.1,0.233390538,0.0277274443,-6.34290328,0.0796565663,0.00515150557,FollowWall,following_right_wall,0,14,42,0.504484713,-1,-1,-1,1,0.335495144,-1,100,0,0,0,0,0
3.15,0.237347234,0.0272881925,-6.32657705,0.0796565663,0.00515150557,FollowWall,following_right_wall,0,14,42,0.504484713,-1,-1,-1,1,0.335495144,-1,100,0,0,0,0,0
3.2,0.241304808,0.026849962,-6.31090426,0.0797315859,0.00402621076,FollowWall,following_right_wall,0,14,42,0.503593922,-1,-1,-1,1,0.334851652,-1,100,0,0,0,0,0
3.25,0.24526449,0.0264125341,-6.29695586,0.0797315859,0.00402621076,FollowWall,following_right_wall,0,14,42,0.503593922,-1,-1,-1,1,0.334851652,-1,100,0,0,0,0,0
3.3,0.249225438,0.0259759072,-6.28401336,0.0798001669,0.00299749634,FollowWall,following_right_wall,0,14,42,0.502679288,-1,-1,-1,1,0.334124833,-1,100,0,0,0,0,0
3.35,0.253188577,0.0255398813,-6.27288557,0.0798001669,0.00299749634,FollowWall,following_right_wall,0,14,42,0.502679288,-1,-1,-1,1,0.334124833,-1,100,0,0,0,0,0
3.4,0.25715302,0.0251044542,-6.26281636,0.0798607238,0.0020891433,FollowWall,following_right_wall,0,14,42,0.501733124,-1,-1,-1,1,0.333334118,-1,100,0,0,0,0,0
3.45,0.261119502,0.024669449,-6.25444892,0.0798607238,0.0020891433,FollowWall,following_right_wall,0,14,42,0.501733124,-1,-1,-1,1,0.333334118,-1,100,0,0,0,0,0
3.5,0.265087192,0.0242348629,-6.24707419,0.0799128746,0.00130688096,FollowWall,following_right_wall,0,14,42,0.500755847,-1,-1,-1,1,0.332396388,-1,100,0,0,0,0,0
3.55,0.269056682,0.0238005437,-6.24121229,0.0799128746,0.00130688096,FollowWall,following_right_wall,0,14,42,0.500755847,-1,-1,-1,1,0.332396388,-1,100,0,0,0,0,0
3.6,0.273027233,0.0233664885,-6.23623287,0.0799566386,0.000650420787,FollowWall,following_right_wall,0,14,42,0.499750644,-1,-1,-1,1,0.331487447,-1,100,0,0,0,0,0
3.65,0.276999319,0.0229325692,-6.23255182,0.0799566386,0.000650420787,FollowWall,following_right_wall,0,14,42,0.499750644,-1,-1,-1,1,0.331487447,-1,100,0,0,0,0,0
3.7,0.280972306,0.0224987833,-6.22962817,0.0799623383,0.000564925289,FollowWall,following_right_wall,0,14,42,0.498721868,-1,-1,-1,1,0.330592692,-1,100,0,0,0,0,0
3.75,0.284945943,0.0220651126,-6.22724837,0.0799623383,0.000564925289,FollowWall,following_right_wall,0,14,42,0.498721868,-1,-1,-1,1,0.330592692,-1,100,0,0,0,0,0
3.8,0.288919963,0.0216315559,-6.22518583,0.0798947498,0.00157875283,FollowWall,following_right_wall,0,14,42,0.497687399,-1,-1,-1,1,0.329675168,-1,100,0,0,0,0,0
3.85,0.292892816,0.0211983071,-6.22209818,0.0798947498,0.00157875283,FollowWall,following_right_wall,0,14,42,0.497687399,-1,-1,-1,1,0.329675168,-1,100,0,0,0,0,0
3.9,0.296865004,0.0207653686,-6.21841255,0.0798303599,0.00254460086,FollowWall,following_right_wall,0,14,42,0.496688426,-1,-1,-1,1,0.328734785,-1,100,0,0,0,0,0
3.95,0.300835488,0.0203329268,-6.21322521,0.0798303599,0.00254460086,FollowWall,following_right_wall,0,14,42,0.496688426,-1,-1,-1,1,0.328734785,-1,100,0,0,0,0,0
4,0.304805002,0.0199009851,-6.20716187,0.0797719077,0.00342138406,FollowWall,following_right_wall,0,14,42,0.495744199,-1,-1,-1,1,0.327772379,-1,100,0,0,0,0,0
4.05,0.308772765,0.0194697132,-6.19954094,0.0797719077,0.00342138406,FollowWall,following_right_wall,0,14,42,0.495744199,-1,-1,-1,1,0.327772379,-1,100,0,0,0,0,0
4.1,0.312739538,0.0190391147,-6.19101142,0.0797514038,0.00372894327,FollowWall,following_right_wall,0,14,42,0.494857788,-1,-1,-1,1,0.326789141,-1,100,0,0,0,0,0
4.15,0.31670534,0.0186092502,-6.18158477,0.0797514038,0.00372894327,FollowWall,following_right_wall,0,14,42,0.494857788,-1,-1,-1,1,0.326789141,-1,100,0,0,0,0,0
4.2,0.32067061,0.0181801219,-6.1716348,0.0797872129,0.003191807,FollowWall,following_right_wall,0,14,42,0.494012356,-1,-1,-1,1,0.325786412,-1,100,0,0,0,0,0
4.25,0.324636341,0.0177516285,-6.1620207,0.0797872129,0.003191807,FollowWall,following_right_wall,0,14,42,0.494012356,-1,-1,-1,1,0.325786412,-1,100,0,0,0,0,0
4.3,0.328602371,0.0173237694,-6.15260254,0.0798225495,0.00266175759,FollowWall,following_right_wall,0,14,42,0.493172824,-1,-1,-1,1,0.324779302,-1,100,0,0,0,0,0
4.35,0.332569332,0.0168964433,-6.14393138,0.0798225495,0.00266175759,FollowWall,following_right_wall,0,14,42,0.493172824,-1,-1,-1,1,0.324779302,-1,100,0,0,0,0,0
4.4,0.33653686,0.0164696482,-6.13569596,0.0797874127,0.0031888099,FollowWall,following_right_wall,0,14,42,0.492320359,-1,-1,-1,1,0.323923975,-1,100,0,0,0,0,0
4.45,0.340504017,0.016043483,-6.1270856,0.0797874127,0.0031888099,FollowWall,following_right_wall,0,14,42,0.492320359,-1,-1,-1,1,0.323923975,-1,100,0,0,0,0,0
4.5,0.344470986,0.0156179486,-6.11825654,0.0797409963,0.00388505493,FollowWall,following_right_wall,0,14,42,0.491477907,-1,-1,-1,1,0.323046952,-1,100,0,0,0,0,0
4.55,0.348436914,0.0151931776,-6.1084688,0.0797409963,0.00388505493,FollowWall,following_right_wall,0,14,42,0.491477907,-1,-1,-1,1,0.323046952,-1,100,0,0,0,0,0
4.6,0.352402271,0.0147691726,-6.09812185,0.0796912627,0.00463106014,FollowWall,following_right_wall,0,14,42,0.490664184,-1,-1,-1,1,0.322147787,-1,100,0,0,0,0,0
4.65,0.3563663,0.014346076,-6.08655821,0.0796912627,0.00463106014,FollowWall,following_right_wall,0,14,42,0.490664184,-1,-1,-1,1,0.322147787,-1,100,0,0,0,0,0
4.7,0.360329597,0.0139238915,-6.07428483,0.0796396192,0.00540571132,FollowWall,following_right_wall,0,14,42,0.489887327,-1,-1,-1,1,0.321191877,-1,100,0,0,0,0,0
4.75,0.364291439,0.013502767,-6.06067276,0.0796396192,0.00540571132,FollowWall,following_right_wall,0,14,42,0.489887327,-1,-1,-1,1,0.321191877,-1,100,0,0,0,0,0
4.8,0.368252481,0.0130827065,-6.0462798,0.0795867586,0.00619862172,FollowWall,following_right_wall,0,14,42,0.489150494,-1,-1,-1,1,0.320284843,-1,100,0,0,0,0,0
4.85,0.372212012,0.0126638611,-6.03048484,0.0795867586,0.00619862172,FollowWall,following_right_wall,0,14,42,0.489150494,-1,-1,-1,1,0.320284843,-1,100,0,0,0,0,0
4.9,0.376170714,0.0122462354,-6.01387206,0.0795330943,0.00700358533,FollowWall,following_right_wall,0,14,42,0.488454908,-1,-1,-1,1,0.319322914,-1,100,0,0,0,0,0
4.95,0.380127879,0.0118299822,-5.99582136,0.0795330943,0.00700358533,FollowWall,following_right_wall,0,14,42,0.488454908,-1,-1,-1,1,0.319322914,-1,100,0,0,0,0,0
5,0.384084206,0.0114151065,-5.97693186,0.0794889578,0.00766563256,FollowWall,following_right_wall,0,14,42,0.487800807,-1,-1,-1,1,0.318603933,-1,100,0,0,0,0,0
5.05,0.388039195,0.011001734,-5.95676282,0.0794889578,0.00766563256,FollowWall,following_right_wall,0,14,42,0.487800807,-1,-1,-1,1,0.318603933,-1,100,0,0,0,0,0
5.1,0.391993467,0.0105898696,-5.93584737,0.0794250539,0.00862419203,FollowWall,following_right_wall,0,14,42,0.48718369,-1,-1,-1,1,0.317948312,-1,100,0,0,0,0,0
5.15,0.395946067,0.0101796929,-5.91335232,0.0794250539,0.00862419203,FollowWall,following_right_wall,0,14,42,0.48718369,-1,-1,-1,1,0.317948312,-1,100,0,0,0,0,0
5.2,0.399897765,0.00977121006,-5.88993583,0.0793690449,0.00946432692,FollowWall,following_right_wall,0,14,42,0.486609161,-1,-1,-1,1,0.317148298,-1,100,0,0,0,0,0
5.25,0.403847851,0.00936457896,-5.86497901,0.0793690449,0.00946432692,FollowWall,following_right_wall,0,14,42,0.486609161,-1,-1,-1,1,0.317148298,-1,100,0,0,0,0,0
5.3,0.407797078,0.00895980605,-5.83912365,0.0793691919,0.00946212141,FollowWall,following_right_wall,0,14,42,0.486077249,-1,-1,-1,1,0.316346288,-1,100,0,0,0,0,0
5.35,0.411745885,0.00855689488,-5.81274679,0.0793691919,0.00946212141,FollowWall,following_right_wall,0,14,42,0.486077249,-1,-1,-1,1,0.316346288,-1,100,0,0,0,0,0
5.4,0.415694526,0.00815584789,-5.78606571,0.0793541477,0.00968778401,FollowWall,following_right_wall,0,14,42,0.485562563,-1,-1,-1,1,0.31569472,-1,100,0,0,0,0,0
5.45,0.419642838,0.0077567074,-5.7589378,0.0793541477,0.00968778401,FollowWall,following_right_wall,0,14,42,0.485562563,-1,-1,-1,1,0.31569472,-1,100,0,0,0,0,0
5.5,0.423591037,0.00735947571,-5.73154925,0.079342563,0.00986155467,FollowWall,following_right_wall,0,14,42,0.485056669,-1,-1,-1,1,0.315051764,-1,100,0,0,0,0,0
5.55,0.427539011,0.00696418544,-5.70380123,0.079342563,0.00986155467,FollowWall,following_right_wall,0,14,42,0.485056669,-1,-1,-1,1,0.315051764,-1,100,0,0,0,0,0
5.6,0.431486934,0.00657083862,-5.67584353,0.0793341342,0.00998798754,FollowWall,following_right_wall,0,14,42,0.48455593,-1,-1,-1,1,0.314438045,-1,100,0,0,0,0,0
5.65,0.435434733,0.00617945902,-5.64761258,0.0793341342,0.00998798754,FollowWall,following_right_wall,0,14,42,0.48455593,-1,-1,-1,1,0.314438045,-1,100,0,0,0,0,0
5.7,0.43938254,0.00579004834,-5.61922225,0.079328519,0.0100722156,FollowWall,following_right_wall,0,14,42,0.484056711,-1,-1,-1,1,0.313622296,-1,100,0,0,0,0,0
5.75,0.443330316,0.00540262253,-5.5906384,0.079328519,0.0100722156,FollowWall,following_right_wall,0,14,42,0.484056711,-1,-1,-1,1,0.313622296,-1,100,0,0,0,0,0
5.8,0.447278155,0.00501718289,-5.56194166,0.0793254102,0.010118847,FollowWall,following_right_wall,0,14,42,0.483555585,-1,-1,-1,1,0.312715232,-1,100,0,0,0,0,0
5.85,0.451226046,0.00463373844,-5.53312342,0.0793254102,0.010118847,FollowWall,following_right_wall,0,14,42,0.483555585,-1,-1,-1,1,0.312715232,-1,100,0,0,0,0,0
5.9,0.455174047,0.00425229009,-5.50423429,0.0792900815,0.0106487776,FollowWall,following_right_wall,0,14,42,0.483049393,-1,-1,-1,1,0.311920255,-1,100,0,0,0,0,0
5.95,0.459121462,0.00387293064,-5.47467126,0.0792900815,0.0106487776,FollowWall,following_right_wall,0,14,42,0.483049393,-1,-1,-1,1,0.311920255,-1,100,0,0,0,0,0
6,0.463068618,0.00349566507,-5.44471511,0.0791810556,0.0122841653,FollowWall,following_right_wall,0,14,42,0.482550234,-1,-1,-1,1,0.311109036,-1,100,0,0,0,0,0
6.05,0.467013451,0.00312077852,-5.41257755,0.0791810556,0.0122841653,FollowWall,following_right_wall,0,14,42,0.482550234,-1,-1,-1,1,0.311109036,-1,100,0,0,0,0,0
6.1,0.470957024,0.00274828776,-5.3791675,0.0790856873,0.0137146899,FollowWall,following_right_wall,0,14,42,0.482097447,-1,-1,-1,1,0.310144573,-1,100,0,0,0,0,0
6.15,0.474897983,0.00237844726,-5.3433076,0.0790856873,0.0137146899,FollowWall,following_right_wall,0,14,42,0.482097447,-1,-1,-1,1,0.310144573,-1,100,0,0,0,0,0
6.2,0.478837522,0.00201127684,-5.30601862,0.0790069788,0.0148953175,FollowWall,following_right_wall,0,14,42,0.481706709,-1,-1,-1,1,0.309331685,-1,100,0,0,0,0,0
6.25,0.482774708,0.00164698796,-5.26648674,0.0790069788,0.0148953175,FollowWall,following_right_wall,0,14,42,0.481706709,-1,-1,-1,1,0.309331685,-1,100,0,0,0,0,0
6.3,0.486710632,0.00128559983,-5.2256465,0.0789489011,0.0157664838,FollowWall,following_right_wall,0,14,42,0.481375903,-1,-1,-1,1,0.30834195,-1,100,0,0,0,0,0
6.35,0.490644729,0.000927269537,-5.18300317,0.0789489011,0.0157664838,FollowWall,following_right_wall,0,14,42,0.481375903,-1,-1,-1,1,0.30834195,-1,100,0,0,0,0,0
6.4,0.494577876,0.000572013565,-5.13930804,0.0789929874,0.0151051892,FollowWall,following_right_wall,0,14,42,0.481094539,-1,-1,-1,1,0.307446361,-1,100,0,0,0,0,0
6.45,0.498511496,0.000219732926,-5.09578873,0.0789929874,0.0151051892,FollowWall,following_right_wall,0,14,42,0.481094539,-1,-1,-1,1,0.307446361,-1,100,0,0,0,0,0
6.5,0.502445501,-0.000129573884,-5.05237197,0.0790628244,0.0140576345,FollowWall,following_right_wall,0,14,42,0.480812997,-1,-1,-1,1,0.306743175,-1,100,0,0,0,0,0
6.55,0.506381284,-0.000476078229,-5.01026546,0.0790628244,0.0140576345,FollowWall,following_right_wall,0,14,42,0.480812997,-1,-1,-1,1,0.306743175,-1,100,0,0,0,0,0
6.6,0.510318204,-0.000819793687,-4.96892326,0.0791042611,0.013436083,FollowWall,following_right_wall,0,14,42,0.480492234,-1,-1,-1,1,0.305853218,-1,100,0,0,0,0,0
6.65,0.514256745,-0.00116082837,-4.92876884,0.0791042611,0.013436083,FollowWall,following_right_wall,0,14,42,0.480492234,-1,-1,-1,1,0.305853218,-1,100,0,0,0,0,0
6.7,0.518196325,-0.00149919555,-4.88930729,0.0791653538,0.0125196923,FollowWall,following_right_wall,0,14,42,0.480127871,-1,-1,-1,1,0.305032402,-1,100,0,0,0,0,0
6.75,0.52213787,-0.0018350488,-4.85134376,0.0791653538,0.0125196923,FollowWall,following_right_wall,0,14,42,0.480127871,-1,-1,-1,1,0.305032402,-1,100,0,0,0,0,0
6.8,0.526080647,-0.00216840609,-4.81425409,0.0791752038,0.0123719432,FollowWall,following_right_wall,0,14,42,0.479712009,-1,-1,-1,1,0.304163218,-1,100,0,0,0,0,0
6.85,0.530024432,-0.00249930135,-4.77785053,0.0791752038,0.0123719432,FollowWall,following_right_wall,0,14,42,0.479712009,-1,-1,-1,1,0.304163218,-1,100,0,0,0,0,0
6.9,0.53396889,-0.00282774324,-4.7418472,0.0791339734,0.0129903995,FollowWall,following_right_wall,0,14,42,0.479262054,-1,-1,-1,1,0.303470343,-1,100,0,0,0,0,0
6.95,0.537912969,-0.00315364071,-4.70533911,0.0791339734,0.0129903995,FollowWall,following_right_wall,0,14,42,0.479262054,-1,-1,-1,1,0.303470343,-1,100,0,0,0,0,0
7,0.541856915,-0.00347698688,-4.66853658,0.0790996479,0.013505282,FollowWall,following_right_wall,0,14,42,0.47881183,-1,-1,-1,1,0.302625924,-1,100,0,0,0,0,0
7.05,0.545800158,-0.00379769845,-4.63094769,0.0790996479,0.013505282,FollowWall,following_right_wall,0,14,42,0.47881183,-1,-1,-1,1,0.302625924,-1,100,0,0,0,0,0
7.1,0.549743079,-0.00411576428,-4.5929001,0.0790748493,0.013877261,FollowWall,following_right_wall,0,14,42,0.478376001,-1,-1,-1,1,0.302084714,-1,100,0,0,0,0,0
7.15,0.553685388,-0.00443112122,-4.55414091,0.0790748493,0.013877261,FollowWall,following_right_wall,0,14,42,0.478376001,-1,-1,-1,1,0.302084714,-1,100,0,0,0,0,0
7.2,0.557627428,-0.00474375874,-4.51496662,0.0790600568,0.014099148,FollowWall,following_right_wall,0,14,42,0.477955639,-1,-1,-1,1,0.301420122,-1,100,0,0,0,0,0
7.25,0.561569095,-0.00505363726,-4.47528534,0.0790600568,0.014099148,FollowWall,following_right_wall,0,14,42,0.477955639,-1,-1,-1,1,0.301420122,-1,100,0,0,0,0,0
7.3,0.565510633,-0.00536074892,-4.4353083,0.0790692975,0.013960538,FollowWall,following_right_wall,0,14,42,0.477546811,-1,-1,-1,1,0.300664067,-1,100,0,0,0,0,0
7.35,0.569452377,-0.0056651095,-4.3953242,0.0790692975,0.013960538,FollowWall,following_right_wall,0,14,42,0.477546811,-1,-1,-1,1,0.300664067,-1,100,0,0,0,0,0
7.4,0.573394327,-0.00596671874,-4.35533598,0.0790970251,0.0135446238,FollowWall,following_right_wall,0,14,42,0.477137417,-1,-1,-1,1,0.299847156,-1,100,0,0,0,0,0
7.45,0.577337058,-0.00626563716,-4.31584181,0.0790970251,0.0135446238,FollowWall,following_right_wall,0,14,42,0.477137417,-1,-1,-1,1,0.299847156,-1,100,0,0,0,0,0
7.5,0.581280328,-0.00656187282,-4.27663584,0.0791591327,0.0126130098,FollowWall,following_right_wall,0,14,42,0.47671333,-1,-1,-1,1,0.299223483,-1,100,0,0,0,0,0
7.55,0.585225282,-0.00685556477,-4.23871002,0.0791591327,0.0126130098,FollowWall,following_right_wall,0,14,42,0.47671333,-1,-1,-1,1,0.299223483,-1,100,0,0,0,0,0
7.6,0.589171295,-0.00714673502,-4.20153095,0.0792580899,0.0111286519,FollowWall,following_right_wall,0,14,42,0.476252913,-1,-1,-1,1,0.298843443,-1,100,0,0,0,0,0
7.65,0.593120051,-0.00743560807,-4.16655932,0.0792580899,0.0111286519,FollowWall,following_right_wall,0,14,42,0.476252913,-1,-1,-1,1,0.298843443,-1,100,0,0,0,0,0
7.7,0.597070474,-0.00772222366,-4.13287534,0.0793457481,0.00981377819,FollowWall,following_right_wall,0,14,42,0.47572875,-1,-1,-1,1,0.298470497,-1,100,0,0,0,0,0
7.75,0.601023753,-0.00800679062,-4.10151202,0.0793457481,0.00981377819,FollowWall,following_right_wall,0,14,42,0.47572875,-1,-1,-1,1,0.298470497,-1,100,0,0,0,0,0
7.8,0.604978754,-0.0082893525,-4.07150242,0.0794205814,0.00869127941,FollowWall,following_right_wall,0,14,42,0.475132555,-1,-1,-1,1,0.297804087,-1,100,0,0,0,0,0
7.85,0.608936369,-0.00857009168,-4.04362237,0.0794205814,0.00869127941,FollowWall,following_right_wall,0,14,42,0.475132555,-1,-1,-1,1,0.297804087,-1,100,0,0,0,0,0
7.9,0.612895559,-0.00884904954,-4.01698455,0.0794154329,0.00876850593,FollowWall,following_right_wall,0,14,42,0.474468321,-1,-1,-1,1,0.297404528,-1,100,0,0,0,0,0
7.95,0.616855612,-0.00912623991,-3.99097919,0.0794154329,0.00876850593,FollowWall,following_right_wall,0,14,42,0.474468321,-1,-1,-1,1,0.297404528,-1,100,0,0,0,0,0
8,0.620816216,-0.0094016754,-3.96534277,0.0794176339,0.00873549121,FollowWall,following_right_wall,0,14,42,0.473775148,-1,-1,-1,1,0.296711981,-1,100,0,0,0,0,0
8.05,0.624777239,-0.00967536796,-3.93996096,0.0794176339,0.00873549121,FollowWall,following_right_wall,0,14,42,0.473775148,-1,-1,-1,1,0.296711981,-1,100,0,0,0,0,0
8.1,0.628738554,-0.00994732273,-3.91472769,0.0794638817,0.00804177521,FollowWall,following_right_wall,0,14,42,0.473072469,-1,-1,-1,1,0.296227783,-1,100,0,0,0,0,0
8.15,0.632701049,-0.010217637,-3.89040911,0.0794638817,0.00804177521,FollowWall,following_right_wall,0,14,42,0.473072469,-1,-1,-1,1,0.296227783,-1,100,0,0,0,0,0
8.2,0.636664276,-0.0104863298,-3.86662411,0.0794996024,0.00750596343,FollowWall,following_right_wall,0,14,42,0.472347468,-1,-1,-1,1,0.295420885,-1,100,0,0,0,0,0
8.25,0.640628716,-0.0107534846,-3.84378995,0.0794996024,0.00750596343,FollowWall,following_right_wall,0,14,42,0.472347468,-1,-1,-1,1,0.295420885,-1,100,0,0,0,0,0
8.3,0.644593905,-0.0110191218,-3.82151044,0.0794490038,0.00826494254,FollowWall,following_right_wall,0,14,42,0.471596926,-1,-1,-1,1,0.294978529,-1,100,0,0,0,0,0
8.35,0.648558522,-0.0112831519,-3.7986485,0.0794490038,0.00826494254,FollowWall,following_right_wall,0,14,42,0.471596926,-1,-1,-1,1,0.294978529,-1,100,0,0,0,0,0
8.4,0.65252285,-0.0115455622,-3.77544683,0.0793519696,0.00972045526,FollowWall,following_right_wall,0,14,42,0.470860928,-1,-1,-1,1,0.294537932,-1,100,0,0,0,0,0
8.45,0.656485041,-0.0118061523,-3.75030958,0.0793519696,0.00972045526,FollowWall,following_right_wall,0,14,42,0.470860928,-1,-1,-1,1,0.294537932,-1,100,0,0,0,0,0
8.5,0.660446038,-0.0120648794,-3.72404325,0.0792576273,0.0111355903,FollowWall,following_right_wall,0,14,42,0.470185071,-1,-1,-1,1,0.293956965,-1,100,0,0,0,0,0
8.55,0.664404432,-0.0123215328,-3.69542909,0.0792576273,0.0111355903,FollowWall,following_right_wall,0,14,42,0.470185071,-1,-1,-1,1,0.293956965,-1,100,0,0,0,0,0
8.6,0.668361367,-0.0125760596,-3.66544536,0.0791693102,0.0124603464,FollowWall,following_right_wall,0,14,42,0.46959123,-1,-1,-1,1,0.2930336,-1,100,0,0,0,0,0
8.65,0.672315676,-0.0128282572,-3.63308141,0.0791693102,0.0124603464,FollowWall,following_right_wall,0,14,42,0.46959123,-1,-1,-1,1,0.2930336,-1,100,0,0,0,0,0
8.7,0.676268517,-0.0130780713,-3.599329,0.0791126589,0.0133101171,FollowWall,following_right_wall,0,14,42,0.469086617,-1,-1,-1,1,0.292577446,-1,100,0,0,0,0,0
8.75,0.68021939,-0.0133253613,-3.56375231,0.0791126589,0.0133101171,FollowWall,following_right_wall,0,14,42,0.469086617,-1,-1,-1,1,0.292577446,-1,100,0,0,0,0,0
8.8,0.684169182,-0.0135700848,-3.52711146,0.0791669737,0.0124953938,FollowWall,following_right_wall,0,14,42,0.468661577,-1,-1,-1,1,0.291884542,-1,100,0,0,0,0,0
8.85,0.688119538,-0.0138123194,-3.49082235,0.0791669737,0.0124953938,FollowWall,following_right_wall,0,14,42,0.468661577,-1,-1,-1,1,0.291884542,-1,100,0,0,0,0,0
8.9,0.692070285,-0.0140520736,-3.45473843,0.079182407,0.0122638953,FollowWall,following_right_wall,0,14,42,0.468261093,-1,-1,-1,1,0.291241109,-1,100,0,0,0,0,0
8.95,0.69602164,-0.0142893808,-3.41905052,0.079182407,0.0122638953,FollowWall,following_right_wall,0,14,42,0.468261093,-1,-1,-1,1,0.291241109,-1,100,0,0,0,0,0
9,0.699973411,-0.0145242508,-3.38359363,0.0791319074,0.0130213888,FollowWall,following_right_wall,0,14,42,0.467873663,-1,-1,-1,1,0.290709943,-1,100,0,0,0,0,0
9.05,0.703924434,-0.0147565961,-3.34736731,0.0791319074,0.0130213888,FollowWall,following_right_wall,0,14,42,0.467873663,-1,-1,-1,1,0.290709943,-1,100,0,0,0,0,0
9.1,0.707875082,-0.0149863974,-3.31069215,0.0791735534,0.0123966991,FollowWall,following_right_wall,0,14,42,0.467530727,-1,-1,-1,1,0.290163308,-1,100,0,0,0,0,0
9.15,0.711826438,-0.0152137189,-3.27450084,0.0791735534,0.0123966991,FollowWall,following_right_wall,0,14,42,0.467530727,-1,-1,-1,1,0.290163308,-1,100,0,0,0,0,0
9.2,0.715778264,-0.0154385728,-3.23859177,0.0791166038,0.0132509427,FollowWall,following_right_wall,0,14,42,0.467209548,-1,-1,-1,1,0.28966862,-1,100,0,0,0,0,0
9.25,0.719729239,-0.0156608646,-3.20182766,0.0791166038,0.0132509427,FollowWall,following_right_wall,0,14,42,0.467209548,-1,-1,-1,1,0.28966862,-1,100,0,0,0,0,0
9.3,0.723679777,-0.0158805717,-3.16456479,0.0790288836,0.0145667464,FollowWall,following_right_wall,0,14,42,0.466939062,-1,-1,-1,1,0.289071202,-1,100,0,0,0,0,0
9.35,0.727628298,-0.0160975265,-3.12544034,0.0790288836,0.0145667464,FollowWall,following_right_wall,0,14,42,0.466939062,-1,-1,-1,1,0.289071202,-1,100,0,0,0,0,0
9.4,0.731575706,-0.0163116792,-3.08522997,0.0789610681,0.0155839778,FollowWall,following_right_wall,0,14,42,0.466755778,-1,-1,-1,1,0.288464606,-1,100,0,0,0,0,0
9.45,0.73552112,-0.0165228829,-3.04317192,0.0789610681,0.0155839778,FollowWall,following_right_wall,0,14,42,0.466755778,-1,-1,-1,1,0.288464606,-1,100,0,0,0,0,0
9.5,0.739465438,-0.0167310872,-3.00003605,0.078976899,0.0153465154,FollowWall,following_right_wall,0,14,42,0.466668725,-1,-1,-1,1,0.287658185,-1,100,0,0,0,0,0
9.55,0.743409511,-0.0169362891,-2.95655491,0.078976899,0.0153465154,FollowWall,following_right_wall,0,14,42,0.466668725,-1,-1,-1,1,0.287658185,-1,100,0,0,0,0,0
9.6,0.747353505,-0.017138479,-2.91287236,0.0790701855,0.0139472181,FollowWall,following_right_wall,0,14,42,0.46664238,-1,-1,-1,1,0.287391722,-1,100,0,0,0,0,0
9.65,0.751299453,-0.0173378064,-2.8707426,0.0790701855,0.0139472181,FollowWall,following_right_wall,0,14,42,0.46664238,-1,-1,-1,1,0.287391722,-1,100,0,0,0,0,0
9.7,0.755246599,-0.017534316,-2.82951865,0.0792264914,0.0116026297,FollowWall,following_right_wall,0,14,42,0.466620594,-1,-1,-1,1,0.287204057,-1,100,0,0,0,0,0
9.75,0.759197745,-0.01772829,-2.79162172,0.0792264914,0.0116026297,FollowWall,following_right_wall,0,14,42,0.466620594,-1,-1,-1,1,0.287204057,-1,100,0,0,0,0,0
9.8,0.763151271,-0.0179198267,-2.75566556,0.079378487,0.00932269554,FollowWall,following_right_wall,0,14,42,0.466545969,-1,-1,-1,1,0.286810875,-1,100,0,0,0,0,0
9.85,0.767109389,-0.0181092296,-2.72356299,0.079378487,0.00932269554,FollowWall,following_right_wall,0,14,42,0.466545969,-1,-1,-1,1,0.286810875,-1,100,0,0,0,0,0
9.9,0.771070221,-0.018296616,-2.69370834,0.0795221529,0.00716770591,FollowWall,following_right_wall,0,14,42,0.466392636,-1,-1,-1,1,0.286753714,-1,100,0,0,0,0,0
9.95,0.775035658,-0.0184822842,-2.6677373,0.0795221529,0.00716770591,FollowWall,following_right_wall,0,14,42,0.466392636,-1,-1,-1,1,0.286753714,-1,100,0,0,0,0,0
10,0.779003809,-0.0186663554,-2.64403172,0.0796085997,0.0058710042,FollowWall,following_right_wall,0,14,42,0.466154456,-1,-1,-1,1,0.286370546,-1,100,0,0,0,0,0
10.05,0.782975365,-0.0188490376,-2.62319546,0.0796085997,0.0058710042,FollowWall,following_right_wall,0,14,42,0.466154456,-1,-1,-1,1,0.286370546,-1,100,0,0,0,0,0
10.1,0.786948931,-0.0190304223,-2.60403299,0.0797345618,0.0039815729,FollowWall,following_right_wall,0,14,42,0.465855628,-1,-1,-1,1,0.285981417,-1,100,0,0,0,0,0
10.15,0.790926309,-0.0192107604,-2.58810222,0.0797345618,0.0039815729,FollowWall,following_right_wall,0,14,42,0.465855628,-1,-1,-1,1,0.285981417,-1,100,0,0,0,0,0
10.2,0.794905924,-0.0193901568,-2.57405663,0.0798489503,0.00226574543,FollowWall,following_right_wall,0,14,42,0.465491056,-1,-1,-1,1,0.28571406,-1,100,0,0,0,0,0
10.25,0.798889238,-0.0195688511,-2.56315883,0.0798489503,0.00226574543,FollowWall,following_right_wall,0,14,42,0.465491056,-1,-1,-1,1,0.28571406,-1,100,0,0,0,0,0
10.3,0.802874717,-0.019746947,-2.55409724,0.079941995,0.00087007469,FollowWall,following_right_wall,0,14,42,0.465058982,-1,-1,-1,1,0.285507828,-1,100,0,0,0,0,0
10.35,0.806863402,-0.0199246495,-2.54777274,0.079941995,0.00087007469,FollowWall,following_right_wall,0,14,42,0.465058982,-1,-1,-1,1,0.285507828,-1,100,0,0,0,0,0
10.4,0.810853959,-0.0201020498,-2.54304488,0.0799113249,0.00133012653,FollowWall,following_right_wall,0,14,42,0.464568853,-1,-1,-1,1,0.285281211,-1,100,0,0,0,0,0
10.45,0.814844975,-0.0202791539,-2.53869923,0.0799113249,0.00133012653,FollowWall,following_right_wall,0,14,42,0.464568853,-1,-1,-1,1,0.285281211,-1,100,0,0,0,0,0
10.5,0.818836264,-0.0204559744,-2.53457655,0.0798805168,0.00179224764,FollowWall,following_right_wall,0,14,42,0.464083076,-1,-1,-1,1,0.284625888,-1,100,0,0,0,0,0
10.55,0.822827075,-0.0206324715,-2.53003232,0.0798805168,0.00179224764,FollowWall,following_right_wall,0,14,42,0.464083076,-1,-1,-1,1,0.284625888,-1,100,0,0,0,0,0
10.6,0.826817615,-0.0208086308,-2.52524217,0.0798544327,0.0021835096,FollowWall,following_right_wall,0,14,42,0.46363607,-1,-1,-1,1,0.283923209,-1,100,0,0,0,0,0
10.65,0.830807461,-0.020984404,-2.51984155,0.0798544327,0.0021835096,FollowWall,following_right_wall,0,14,42,0.46363607,-1,-1,-1,1,0.283923209,-1,100,0,0,0,0,0
10.7,0.834796911,-0.0211597705,-2.51408482,0.0798344481,0.00248327782,FollowWall,following_right_wall,0,14,42,0.463237405,-1,-1,-1,1,0.28380236,-1,100,0,0,0,0,0
10.75,0.838785721,-0.0213346877,-2.50776253,0.0798344481,0.00248327782,FollowWall,following_right_wall,0,14,42,0.463237405,-1,-1,-1,1,0.28380236,-1,100,0,0,0,0,0
10.8,0.842774168,-0.0215091364,-2.50111033,0.0798816382,0.00177542664,FollowWall,following_right_wall,0,14,42,0.46288687,-1,-1,-1,1,0.283768564,-1,100,0,0,0,0,0
10.85,0.846763392,-0.0216831779,-2.49511062,0.0798816382,0.00177542664,FollowWall,following_right_wall,0,14,42,0.46288687,-1,-1,-1,1,0.283768564,-1,100,0,0,0,0,0
10.9,0.850753076,-0.0218568342,-2.48949153,0.07999856,-2.15997221e-05,FollowWall,following_right_wall,0,14,42,0.46255213,-1,-1,-1,1,0.28310445,-1,100,0,0,0,0,0
10.95,0.854745466,-0.0220302985,-2.48623951,0.07999856,-2.15997221e-05,FollowWall,following_right_wall,0,14,42,0.46255213,-1,-1,-1,1,0.28310445,-1,100,0,0,0,0,0
11,0.858739433,-0.0222036525,-2.48436829,0.0799444255,-0.00083361815,FollowWall,following_right_wall,0,14,42,0.462180048,-1,-1,-1,1,0.282562405,-1,100,0,0,0,0,0
11.05,0.862733193,-0.0223769288,-2.48427179,0.0799444255,-0.00083361815,FollowWall,following_right_wall,0,14,42,0.462180048,-1,-1,-1,1,0.282562405,-1,100,0,0,0,0,0
11.1,0.866726828,-0.0225502291,-2.48521057,0.0799413762,-0.000879357355,FollowWall,following_right_wall,0,14,42,0.461773872,-1,-1,-1,1,0.282259017,-1,100,0,0,0,0,0
11.15,0.870720324,-0.0227236119,-2.48680784,0.0799413762,-0.000879357355,FollowWall,following_right_wall,0,14,42,0.461773872,-1,-1,-1,1,0.282259017,-1,100,0,0,0,0,0
11.2,0.874713736,-0.022897116,-2.48878924,0.0798487008,-0.00226948796,FollowWall,following_right_wall,0,14,42,0.461363524,-1,-1,-1,1,0.281692535,-1,100,0,0,0,0,0
11.25,0.878705164,-0.0230707379,-2.49265405,0.0798487008,-0.00226948796,FollowWall,following_right_wall,0,14,42,0.461363524,-1,-1,-1,1,0.281692535,-1,100,0,0,0,0,0
11.3,0.882695427,-0.0232446172,-2.49761753,0.079887298,-0.00169053058,FollowWall,following_right_wall,0,14,42,0.460922241,-1,-1,-1,1,0.281335413,-1,100,0,0,0,0,0
11.35,0.886685806,-0.0234188461,-2.50253082,0.079887298,-0.00169053058,FollowWall,following_right_wall,0,14,42,0.460922241,-1,-1,-1,1,0.281335413,-1,100,0,0,0,0,0
11.4,0.890676247,-0.0235934195,-2.50741482,0.0799265958,-0.00110106264,FollowWall,following_right_wall,0,14,42,0.46048975,-1,-1,-1,1,0.281078398,-1,100,0,0,0,0,0
11.45,0.894667536,-0.0237683457,-2.51157812,0.0799265958,-0.00110106264,FollowWall,following_right_wall,0,14,42,0.46048975,-1,-1,-1,1,0.281078398,-1,100,0,0,0,0,0
11.5,0.898659317,-0.0239435695,-2.51532101,0.0799629828,-0.000555258094,FollowWall,following_right_wall,0,14,42,0.460092515,-1,-1,-1,1,0.28041935,-1,100,0,0,0,0,0
11.55,0.902652139,-0.0241190689,-2.51816715,0.0799629828,-0.000555258094,FollowWall,following_right_wall,0,14,42,0.460092515,-1,-1,-1,1,0.28041935,-1,100,0,0,0,0,0
11.6,0.906645565,-0.0242947754,-2.52049019,0.0799954129,-6.88065205e-05,FollowWall,following_right_wall,0,14,42,0.45973736,-1,-1,-1,1,0.279974192,-1,100,0,0,0,0,0
11.65,0.910640018,-0.0244706585,-2.52192743,0.0799954129,-6.88065205e-05,FollowWall,following_right_wall,0,14,42,0.45973736,-1,-1,-1,1,0.279974192,-1,100,0,0,0,0,0
11.7,0.91463507,-0.0246466502,-2.52284795,0.0799336535,-0.000995196757,FollowWall,following_right_wall,0,14,42,0.459423572,-1,-1,-1,1,0.279920429,-1,100,0,0,0,0,0
11.75,0.918629184,-0.0248226931,-2.52457285,0.0799336535,-0.000995196757,FollowWall,following_right_wall,0,14,42,0.459423572,-1,-1,-1,1,0.279920429,-1,100,0,0,0,0,0
11.8,0.922622747,-0.0249988485,-2.52676697,0.0798450323,-0.00232451575,FollowWall,following_right_wall,0,14,42,0.459106565,-1,-1,-1,1,0.279683053,-1,100,0,0,0,0,0
11.85,0.926614138,-0.0251751261,-2.53082156,0.0798450323,-0.00232451575,FollowWall,following_right_wall,0,14,42,0.459106565,-1,-1,-1,1,0.279683053,-1,100,0,0,0,0,0
11.9,0.930604254,-0.0253516682,-2.53596142,0.0797649641,-0.00352553831,FollowWall,following_right_wall,0,14,42,0.458747268,-1,-1,-1,1,0.27957809,-1,100,0,0,0,0,0
11.95,0.934591948,-0.0255285337,-2.54316798,0.0797649641,-0.00352553831,FollowWall,following_right_wall,0,14,42,0.458747268,-1,-1,-1,1,0.27957809,-1,100,0,0,0,0,0
12,0.938578217,-0.0257058803,-2.5515801,0.0796959043,-0.00456143515,FollowWall,following_right_wall,0,14,42,0.458331168,-1,-1,-1,1,0.279497862,-1,100,0,0,0,0,0
12.05,0.942562202,-0.025883779,-2.56193199,0.0796959043,-0.00456143515,FollowWall,following_right_wall,0,14,42,0.458331168,-1,-1,-1,1,0.279497862,-1,100,0,0,0,0,0
12.1,0.946544838,-0.0260623779,-2.5734154,0.0797606043,-0.00359093604,FollowWall,following_right_wall,0,14,42,0.457856864,-1,-1,-1,1,0.27925685,-1,100,0,0,0,0,0
12.15,0.950528018,-0.0262417837,-2.58440042,0.0797606043,-0.00359093604,FollowWall,following_right_wall,0,14,42,0.457856864,-1,-1,-1,1,0.27925685,-1,100,0,0,0,0,0
12.2,0.954511502,-0.0264219584,-2.59509471,0.0798386272,-0.00242059141,FollowWall,following_right_wall,0,14,42,0.457383096,-1,-1,-1,1,0.278820455,-1,100,0,0,0,0,0
12.25,0.958496776,-0.0266029048,-2.60422242,0.0798386272,-0.00242059141,FollowWall,following_right_wall,0,14,42,0.457383096,-1,-1,-1,1,0.278820455,-1,100,0,0,0,0,0
12.3,0.962483084,-0.0267845027,-2.61243628,0.0798628863,-0.00205670515,FollowWall,following_right_wall,0,14,42,0.45694828,-1,-1,-1,1,0.278291345,-1,100,0,0,0,0,0
12.35,0.966470493,-0.0269666898,-2.61968271,0.0798628863,-0.00205670515,FollowWall,following_right_wall,0,14,42,0.45694828,-1,-1,-1,1,0.278291345,-1,100,0,0,0,0,0
12.4,0.970458535,-0.0271493917,-2.62636481,0.0798106544,-0.002840184,FollowWall,following_right_wall,0,14,42,0.456541896,-1,-1,-1,1,0.278078973,-1,100,0,0,0,0,0
12.45,0.974445851,-0.0273325473,-2.63365292,0.0798106544,-0.002840184,FollowWall,following_right_wall,0,14,42,0.456541896,-1,-1,-1,1,0.278078973,-1,100,0,0,0,0,0
12.5,0.978432731,-0.0275162036,-2.64129453,0.0797635568,-0.00354664806,FollowWall,following_right_wall,0,14,42,0.456119388,-1,-1,-1,1,0.277839184,-1,100,0,0,0,0,0
12.55,0.982418366,-0.0277003717,-2.64998564,0.0797635568,-0.00354664806,FollowWall,following_right_wall,0,14,42,0.456119388,-1,-1,-1,1,0.277839184,-1,100,0,0,0,0,0
12.6,0.98640326,-0.0278851327,-2.65928896,0.0798119326,-0.00282101109,FollowWall,following_right_wall,0,14,42,0.455658287,-1,-1,-1,1,0.277418703,-1,100,0,0,0,0,0
12.65,0.990388717,-0.0280705505,-2.66808322,0.0798119326,-0.00282101109,FollowWall,following_right_wall,0,14,42,0.455658287,-1,-1,-1,1,0.277418703,-1,100,0,0,0,0,0
12.7,0.99437449,-0.0282565859,-2.67658055,0.0799151935,-0.00127209799,FollowWall,following_right_wall,0,14,42,0.455192089,-1,-1,-1,1,0.276704758,-1,100,0,0,0,0,0
12.75,0.99836259,-0.028443252,-2.68305577,0.0799151935,-0.00127209799,FollowWall,following_right_wall,0,14,42,0.455192089,-1,-1,-1,1,0.276704758,-1,100,0,0,0,0,0
12.8,1.00235204,-0.0286303921,-2.68835144,0.0799833576,0.000249636398,FollowWall,following_right_wall,0,14,42,0.454764962,-1,-1,-1,1,0.275995433,-1,100,0,0,0,0,0
12.85,1.0063437,-0.028817918,-2.6911426,0.0799833576,0.000249636398,FollowWall,following_right_wall,0,14,42,0.454764962,-1,-1,-1,1,0.275995433,-1,100,0,0,0,0,0
12.9,1.01033664,-0.0290056482,-2.6924728,0.079988116,0.000178260392,FollowWall,following_right_wall,0,14,42,0.454396248,-1,-1,-1,1,0.275733232,-1,100,0,0,0,0,0
12.95,1.01433044,-0.0291934846,-2.69303596,0.079988116,0.000178260392,FollowWall,following_right_wall,0,14,42,0.454396248,-1,-1,-1,1,0.275733232,-1,100,0,0,0,0,0
13,1.01832473,-0.0293813681,-2.69315169,0.0799947562,-7.86562663e-05,FollowWall,following_right_wall,0,14,42,0.454045027,-1,-1,-1,1,0.275161147,-1,100,0,0,0,0,0
13.05,1.02231945,-0.0295692814,-2.69331309,0.0799947562,-7.86562663e-05,FollowWall,following_right_wall,0,14,42,0.454045027,-1,-1,-1,1,0.275161147,-1,100,0,0,0,0,0
13.1,1.02631442,-0.0297572186,-2.69350113,0.079875114,0.0018732906,FollowWall,following_right_wall,0,14,42,0.453680068,-1,-1,-1,1,0.274800956,-1,100,0,0,0,0,0
13.15,1.03030704,-0.0299449781,-2.69137474,0.079875114,0.0018732906,FollowWall,following_right_wall,0,14,42,0.453680068,-1,-1,-1,1,0.274800956,-1,100,0,0,0,0,0
13.2,1.03429831,-0.0301324781,-2.68789827,0.0798386329,0.00242050576,FollowWall,following_right_wall,0,14,42,0.453353912,-1,-1,-1,1,0.274602979,-1,100,0,0,0,0,0
13.25,1.03828804,-0.0303196127,-2.68298107,0.0798386329,0.00242050576,FollowWall,following_right_wall,0,14,42,0.453353912,-1,-1,-1,1,0.274602979,-1,100,0,0,0,0,0
13.3,1.04227688,-0.0305063331,-2.67722343,0.0797700134,0.00344979946,FollowWall,following_right_wall,0,14,42,0.453057706,-1,-1,-1,1,0.274138272,-1,100,0,0,0,0,0
13.35,1.04626378,-0.0306925015,-2.66974691,0.0797700134,0.00344979946,FollowWall,following_right_wall,0,14,42,0.453057706,-1,-1,-1,1,0.274138272,-1,100,0,0,0,0,0
13.4,1.05024956,-0.0308780616,-2.66126772,0.0796170483,0.00574427479,FollowWall,following_right_wall,0,14,42,0.452792972,-1,-1,-1,1,0.273837566,-1,100,0,0,0,0,0
13.45,1.05423153,-0.0310627376,-2.6494648,0.0796170483,0.00574427479,FollowWall,following_right_wall,0,14,42,0.452792972,-1,-1,-1,1,0.273837566,-1,100,0,0,0,0,0
13.5,1.05821129,-0.0312464224,-2.63572304,0.0794809233,0.00778615041,FollowWall,following_right_wall,0,14,42,0.452601075,-1,-1,-1,1,0.27355051,-1,100,0,0,0,0,0
13.55,1.06218696,-0.0314288386,-2.61841298,0.0794809233,0.00778615041,FollowWall,following_right_wall,0,14,42,0.452601075,-1,-1,-1,1,0.27355051,-1,100,0,0,0,0,0
13.6,1.06616027,-0.0316098714,-2.59902141,0.0793649771,0.00952534327,FollowWall,following_right_wall,0,14,42,0.452498287,-1,-1,-1,1,0.273137033,-1,100,0,0,0,0,0
13.65,1.07012983,-0.0317892725,-2.57633962,0.0793649771,0.00952534327,FollowWall,following_right_wall,0,14,42,0.452498287,-1,-1,-1,1,0.273137033,-1,100,0,0,0,0,0
13.7,1.07409723,-0.0319669359,-2.55173854,0.0792696508,0.0109552386,FollowWall,following_right_wall,0,14,42,0.628862739,-1,-1,-1,1,0.272792131,-1,100,0,0,0,0,0
13.75,1.07806142,-0.0321426522,-2.52431106,0.0792696508,0.0109552386,FollowWall,following_right_wall,0,14,42,0.628862739,-1,-1,-1,1,0.272792131,-1,100,0,0,0,0,0
13.8,1.08202378,-0.0323163299,-2.49523484,0.0792869902,0.0106951473,FollowWall,following_right_wall,0,14,42,0.628888607,-1,-1,-1,1,0.272687703,-1,100,0,0,0,0,0
13.85,1.08598548,-0.0324879414,-2.46550732,0.0792869902,0.0106951473,FollowWall,following_right_wall,0,14,42,0.628888607,-1,-1,-1,1,0.272687703,-1,100,0,0,0,0,0
13.9,1.08994682,-0.0326574654,-2.43539987,0.0793518729,0.00972190672,FollowWall,following_right_wall,0,14,42,0.628832102,-1,-1,-1,1,0.272545755,-1,100,0,0,0,0,0
13.95,1.09390934,-0.0328249865,-2.40623252,0.0793518729,0.00972190672,FollowWall,following_right_wall,0,14,42,0.628832102,-1,-1,-1,1,0.272545755,-1,100,0,0,0,0,0
14,1.09787259,-0.032990536,-2.37761357,0.0794213469,0.0086797964,FollowWall,following_right_wall,0,14,42,0.628780723,-1,-1,-1,1,0.272218794,-1,100,0,0,0,0,0
14.05,1.10183773,-0.033154235,-2.35055843,0.0794213469,0.0086797964,FollowWall,following_right_wall,0,14,42,0.628780723,-1,-1,-1,1,0.272218794,-1,100,0,0,0,0,0
14.1,1.10580401,-0.0333161364,-2.32441553,0.0794599757,0.00810036478,FollowWall,following_right_wall,0,14,42,0.62877506,-1,-1,-1,1,0.271936566,-1,100,0,0,0,0,0
14.15,1.10977178,-0.033476328,-2.2994964,0.0794599757,0.00810036478,FollowWall,following_right_wall,0,14,42,0.62877506,-1,-1,-1,1,0.271936566,-1,100,0,0,0,0,0
14.2,1.11374045,-0.0336348517,-2.27529114,0.0793914499,0.00912825216,FollowWall,following_right_wall,0,14,42,0.628805399,-1,-1,-1,1,0.271579891,-1,100,0,0,0,0,0
14.25,1.11770825,-0.0337916335,-2.25027536,0.0793914499,0.00912825216,FollowWall,following_right_wall,0,14,42,0.628805399,-1,-1,-1,1,0.271579891,-1,100,0,0,0,0,0
14.3,1.12167556,-0.033946645,-2.22478678,0.0793328775,0.0100068371,FollowWall,following_right_wall,0,14,42,0.628780246,-1,-1,-1,1,0.271041095,-1,100,0,0,0,0,0
14.35,1.12564141,-0.0340997863,-2.19797365,0.0793328775,0.0100068371,FollowWall,following_right_wall,0,14,42,0.628780246,-1,-1,-1,1,0.271041095,-1,100,0,0,0,0,0
14.4,1.12960643,-0.0342510107,-2.17038788,0.0794108411,0.00883738414,FollowWall,following_right_wall,0,14,42,0.628656209,-1,-1,-1,1,0.270611614,-1,100,0,0,0,0,0
14.45,1.13357262,-0.0344004001,-2.14374733,0.0794108411,0.00883738414,FollowWall,following_right_wall,0,14,42,0.628656209,-1,-1,-1,1,0.270611614,-1,100,0,0,0,0,0
14.5,1.13753952,-0.0345479883,-2.11765816,0.0795012864,0.00748070406,FollowWall,following_right_wall,0,14,42,0.628523052,-1,-1,-1,1,0.270421952,-1,100,0,0,0,0,0
14.55,1.14150874,-0.0346939204,-2.09351004,0.0795012864,0.00748070406,FollowWall,following_right_wall,0,14,42,0.628523052,-1,-1,-1,1,0.270421952,-1,100,0,0,0,0,0
14.6,1.14547934,-0.0348382666,-2.07049421,0.079574804,0.00637794059,FollowWall,following_right_wall,0,14,42,0.628443897,-1,-1,-1,1,0.270116329,-1,100,0,0,0,0,0
14.65,1.14945229,-0.0349811691,-2.0494552,0.079574804,0.00637794059,FollowWall,following_right_wall,0,14,42,0.628443897,-1,-1,-1,1,0.270116329,-1,100,0,0,0,0,0
14.7,1.15342663,-0.0351227004,-2.02956934,0.0795284108,0.00707383822,FollowWall,following_right_wall,0,14,42,0.628429353,-1,-1,-1,1,0.269500792,-1,100,0,0,0,0,0
14.75,1.15740084,-0.0352628403,-2.00952548,0.0795284108,0.00707383822,FollowWall,following_right_wall,0,14,42,0.628429353,-1,-1,-1,1,0.269500792,-1,100,0,0,0,0,0
14.8,1.16137499,-0.035401583,-1.98938946,0.0794686709,0.00796993629,FollowWall,following_right_wall,0,14,42,0.628389835,-1,-1,-1,1,0.268894583,-1,100,0,0,0,0,0
14.85,1.16534788,-0.0355388449,-1.96813003,0.0794686709,0.00796993629,FollowWall,following_right_wall,0,14,42,0.628389835,-1,-1,-1,1,0.268894583,-1,100,0,0,0,0,0
14.9,1.16932006,-0.0356745839,-1.94621529,0.07938602,0.00920970011,FollowWall,following_right_wall,0,14,42,0.628263533,-1,-1,-1,1,0.268609494,-1,100,0,0,0,0,0
14.95,1.17329013,-0.0358086659,-1.92243842,0.07938602,0.00920970011,FollowWall,following_right_wall,0,14,42,0.628263533,-1,-1,-1,1,0.268609494,-1,100,0,0,0,0,0
15,1.177259,-0.0359410206,-1.89757531,0.0794234578,0.00864813254,FollowWall,following_right_wall,0,14,42,0.62800926,-1,-1,-1,1,0.268195599,-1,100,0,0,0,0,0
15.05,1.18122796,-0.0360716558,-1.87274889,0.0794234578,0.00864813254,FollowWall,following_right_wall,0,14,42,0.62800926,-1,-1,-1,1,0.268195599,-1,100,0,0,0,0,0
15.1,1.18519701,-0.0362005727,-1.84794385,0.0784304696,-0.0235429555,FollowWall,following_right_wall,0,14,42,0.62769866,-1,-1,-1,1,0.267689198,-1,100,0,0,0,0,0
15.15,1.1891454,-0.0363284335,-1.86157659,0.0784304696,-0.0235429555,FollowWall,following_right_wall,0,14,42,0.62769866,-1,-1,-1,1,0.267689198,-1,100,0,0,0,0,0
15.2,1.19308169,-0.0364576108,-1.89763135,0.0784847218,-0.0227291733,FollowWall,following_right_wall,0,14,42,0.628950834,-1,-1,-1,1,0.267712712,-1,100,0,0,0,0,0
15.25,1.19701198,-0.0365894831,-1.94579424,0.0784847218,-0.0227291733,FollowWall,following_right_wall,0,14,42,0.628950834,-1,-1,-1,1,0.267712712,-1,100,0,0,0,0,0
15.3,1.20093871,-0.0367247827,-2.00102022,0.078502177,-0.022467345,FollowWall,following_right_wall,0,14,42,0.63106811,-1,-1,-1,1,0.267379016,-1,100,0,0,0,0,0
15.35,1.20486365,-0.0368639393,-2.06005378,0.078502177,-0.022467345,FollowWall,following_right_wall,0,14,42,0.63106811,-1,-1,-1,1,0.267379016,-1,100,0,0,0,0,0
15.4,1.20878749,-0.0370071809,-2.12130845,0.0785415906,-0.0218761414,FollowWall,following_right_wall,0,14,42,0.633477569,-1,-1,-1,1,0.267373443,-1,100,0,0,0,0,0
15.45,1.21271144,-0.0371546474,-2.18315306,0.0785415906,-0.0218761414,FollowWall,following_right_wall,0,14,42,0.633477569,-1,-1,-1,1,0.267373443,-1,100,0,0,0,0,0
15.5,1.21663537,-0.0373063669,-2.2453418,0.0785971034,-0.0210434496,FollowWall,following_right_wall,0,14,42,0.635973215,-1,-1,-1,1,0.266971052,-1,100,0,0,0,0,0
15.55,1.22056038,-0.0374623677,-2.30673734,0.0785971034,-0.0210434496,FollowWall,following_right_wall,0,14,42,0.635973215,-1,-1,-1,1,0.266971052,-1,100,0,0,0,0,0
15.6,1.22448595,-0.0376225881,-2.36767017,0.0786542583,-0.0201861262,FollowWall,following_right_wall,0,14,42,0.638467789,-1,-1,-1,1,0.266812086,-1,100,0,0,0,0,0
15.65,1.22841297,-0.0377870063,-2.42730973,0.0786542583,-0.0201861262,FollowWall,following_right_wall,0,14,42,0.638467789,-1,-1,-1,1,0.266812086,-1,100,0,0,0,0,0
15.7,1.23234075,-0.0379555266,-2.48619489,0.0786935228,-0.0195971578,FollowWall,following_right_wall,0,14,42,0.640926182,-1,-1,-1,1,0.266681552,-1,100,0,0,0,0,0
15.75,1.23626972,-0.0381281044,-2.54393695,0.0786935228,-0.0195971578,FollowWall,following_right_wall,0,14,42,0.640926182,-1,-1,-1,1,0.266681552,-1,100,0,0,0,0,0
15.8,1.24019931,-0.0383046546,-2.6010122,0.0786865312,-0.0197020322,FollowWall,following_right_wall,0,14,42,0.643349111,-1,-1,-1,1,0.266400218,-1,100,0,0,0,0,0
15.85,1.24412905,-0.0384851248,-2.65782367,0.0786865312,-0.0197020322,FollowWall,following_right_wall,0,14,42,0.643349111,-1,-1,-1,1,0.266400218,-1,100,0,0,0,0,0
15.9,1.24805879,-0.0386694949,-2.71448126,0.078680976,-0.0197853595,FollowWall,following_right_wall,0,14,42,0.645776391,-1,-1,-1,1,0.265880167,-1,100,0,0,0,0,0
15.95,1.25198835,-0.0388577509,-2.77114855,0.078680976,-0.0197853595,FollowWall,following_right_wall,0,14,42,0.645776391,-1,-1,-1,1,0.265880167,-1,100,0,0,0,0,0
16,1.25591771,-0.0390498933,-2.82782151,0.0786769825,-0.0198452622,FollowWall,following_right_wall,0,14,42,0.648230195,-1,-1,-1,1,0.26578927,-1,100,0,0,0,0,0
16.05,1.25984679,-0.0392459205,-2.88456927,0.0786769825,-0.0198452622,FollowWall,following_right_wall,0,14,42,0.648230195,-1,-1,-1,1,0.26578927,-1,100,0,0,0,0,0
16.1,1.26377562,-0.039445838,-2.94136066,0.0786747473,-0.0198787898,FollowWall,following_right_wall,0,14,42,0.65071851,-1,-1,-1,1,0.265687734,-1,100,0,0,0,0,0
16.15,1.26770418,-0.039649648,-2.99821754,0.0786747473,-0.0198787898,FollowWall,following_right_wall,0,14,42,0.65071851,-1,-1,-1,1,0.265687734,-1,100,0,0,0,0,0
16.2,1.2716325,-0.0398573554,-3.0551126,0.0786999601,-0.0195005983,FollowWall,following_right_wall,0,14,42,0.653243899,-1,-1,-1,1,0.265573293,-1,100,0,0,0,0,0
16.25,1.2755611,-0.0400689757,-3.11157852,0.0786999601,-0.0195005983,FollowWall,following_right_wall,0,14,42,0.653243899,-1,-1,-1,1,0.265573293,-1,100,0,0,0,0,0
16.3,1.27948978,-0.0402844749,-3.16779409,0.0787650901,-0.0185236484,FollowWall,following_right_wall,0,14,42,0.655786157,-1,-1,-1,1,0.264810979,-1,100,0,0,0,0,0
16.35,1.28341978,-0.0405038688,-3.22269748,0.0787650901,-0.0185236484,FollowWall,following_right_wall,0,14,42,0.655786157,-1,-1,-1,1,0.264810979,-1,100,0,0,0,0,0
16.4,1.28735046,-0.0407270527,-3.27683544,0.078820138,-0.0176979303,FollowWall,following_right_wall,0,14,42,0.658300817,-1,-1,-1,1,0.26431933,-1,100,0,0,0,0,0
16.45,1.29128259,-0.0409539975,-3.32954126,0.078820138,-0.0176979303,FollowWall,following_right_wall,0,14,42,0.658300817,-1,-1,-1,1,0.26431933,-1,100,0,0,0,0,0
16.5,1.29521548,-0.0411845875,-3.38141168,0.0788227963,-0.0176580548,FollowWall,following_right_wall,0,14,42,0.660772562,-1,-1,-1,1,0.263980985,-1,100,0,0,0,0,0
16.55,1.29914878,-0.0414187565,-3.43274717,0.0788227963,-0.0176580548,FollowWall,following_right_wall,0,14,42,0.660772562,-1,-1,-1,1,0.263980985,-1,100,0,0,0,0,0
16.6,1.30308224,-0.0416564608,-3.48377062,0.0788947541,-0.0165786892,FollowWall,following_right_wall,0,14,42,0.663241804,-1,-1,-1,1,0.263592601,-1,100,0,0,0,0,0
16.65,1.30701719,-0.041897722,-3.53332365,0.0788947541,-0.0165786892,FollowWall,following_right_wall,0,14,42,0.663241804,-1,-1,-1,1,0.263592601,-1,100,0,0,0,0,0
16.7,1.31095293,-0.0421424188,-3.58201894,0.0789248693,-0.0161269605,FollowWall,following_right_wall,0,14,42,0.665674627,-1,-1,-1,1,0.262906939,-1,100,0,0,0,0,0
16.75,1.31488967,-0.0423905009,-3.62967467,0.0789248693,-0.0161269605,FollowWall,following_right_wall,0,14,42,0.665674627,-1,-1,-1,1,0.262906939,-1,100,0,0,0,0,0
16.8,1.31882691,-0.0426418814,-3.67672398,0.0789389211,-0.0159161836,FollowWall,following_right_wall,0,14,42,0.668080986,-1,-1,-1,1,0.262284577,-1,100,0,0,0,0,0
16.85,1.32276465,-0.0428965196,-3.72316796,0.0789389211,-0.0159161836,FollowWall,following_right_wall,0,14,42,0.668080986,-1,-1,-1,1,0.262284577,-1,100,0,0,0,0,0
16.9,1.32670259,-0.0431543644,-3.76925883,0.0789551216,-0.0156731755,FollowWall,following_right_wall,0,14,42,0.670486689,-1,-1,-1,1,0.261859477,-1,100,0,0,0,0,0
16.95,1.33064089,-0.043415398,-3.81485364,0.0789551216,-0.0156731755,FollowWall,following_right_wall,0,14,42,0.670486689,-1,-1,-1,1,0.261859477,-1,100,0,0,0,0,0
17,1.33457933,-0.0436795781,-3.86015909,0.0789736199,-0.0153957009,FollowWall,following_right_wall,0,14,42,0.672902644,-1,-1,-1,1,0.261473924,-1,100,0,0,0,0,0
17.05,1.33851813,-0.0439468946,-3.90496453,0.0789736199,-0.0153957009,FollowWall,following_right_wall,0,14,42,0.672902644,-1,-1,-1,1,0.261473924,-1,100,0,0,0,0,0
17.1,1.34245707,-0.0442173044,-3.94947831,0.0789945829,-0.0150812566,FollowWall,following_right_wall,0,14,42,0.675331295,-1,-1,-1,1,0.261246979,-1,100,0,0,0,0,0
17.15,1.34639643,-0.0444907996,-3.9934466,0.0789945829,-0.0150812566,FollowWall,following_right_wall,0,14,42,0.675331295,-1,-1,-1,1,0.261246979,-1,100,0,0,0,0,0
17.2,1.35033594,-0.0447673326,-4.03709669,0.0790675956,-0.013986066,FollowWall,following_right_wall,0,14,42,0.677771568,-1,-1,-1,1,0.261020958,-1,100,0,0,0,0,0
17.25,1.35427699,-0.0450469385,-4.07925388,0.0790675956,-0.013986066,FollowWall,following_right_wall,0,14,42,0.677771568,-1,-1,-1,1,0.261020958,-1,100,0,0,0,0,0
17.3,1.35821883,-0.0453294866,-4.12054021,0.0791476864,-0.0127847046,FollowWall,following_right_wall,0,14,42,0.669946074,-1,-1,-1,1,0.260736436,-1,100,0,0,0,0,0
17.35,1.36216274,-0.0456149713,-4.15988452,0.0791476864,-0.0127847046,FollowWall,following_right_wall,0,14,42,0.669946074,-1,-1,-1,1,0.260736436,-1,100,0,0,0,0,0
17.4,1.36610776,-0.0459032212,-4.19809599,0.0792300361,-0.0115494579,FollowWall,following_right_wall,0,14,42,0.661970377,-1,-1,-1,1,0.260355413,-1,100,0,0,0,0,0
17.45,1.37005507,-0.0461942113,-4.23417216,0.0792300361,-0.0115494579,FollowWall,following_right_wall,0,14,42,0.661970377,-1,-1,-1,1,0.260355413,-1,100,0,0,0,0,0
17.5,1.37400365,-0.0464877512,-4.26900274,0.0793042469,-0.0104362965,FollowWall,following_right_wall,0,14,42,0.654013157,-1,-1,-1,1,0.260079622,-1,100,0,0,0,0,0
17.55,1.37795443,-0.0467837994,-4.30177799,0.0793042469,-0.0104362965,FollowWall,following_right_wall,0,14,42,0.654013157,-1,-1,-1,1,0.260079622,-1,100,0,0,0,0,0
17.6,1.38190645,-0.0470821712,-4.3333543,0.0793278772,-0.0100818425,FollowWall,following_right_wall,0,14,42,0.646074653,-1,-1,-1,1,0.259538263,-1,100,0,0,0,0,0
17.65,1.3858596,-0.0473827812,-4.36380813,0.0793278772,-0.0100818425,FollowWall,following_right_wall,0,14,42,0.646074653,-1,-1,-1,1,0.259538263,-1,100,0,0,0,0,0
17.7,1.38981335,-0.047685528,-4.39360717,0.0794089782,-0.00886532664,FollowWall,following_right_wall,0,14,42,0.638157785,-1,-1,-1,1,0.258761644,-1,100,0,0,0,0,0
17.75,1.39376908,-0.0479904318,-4.42157215,0.0794089782,-0.00886532664,FollowWall,following_right_wall,0,14,42,0.638157785,-1,-1,-1,1,0.258761644,-1,100,0,0,0,0,0
17.8,1.3977259,-0.0482973256,-4.44846726,0.04,-0.6,FollowWall,following_right_wall,0,14,42,0.630260825,-1,-1,-1,1,0.258398354,-1,100,0,0,0,0,0
17.85,1.40086321,-0.0485615669,-5.18035332,0.04,-0.6,FollowWall,following_right_wall,0,14,42,0.630260825,-1,-1,-1,1,0.258398354,-1,100,0,0,0,0,0
17.9,1.40351967,-0.0488291487,-6.3234841,0.0793129283,-0.0103060752,FollowWall,following_right_wall,0,14,42,0.624975443,-1,-1,-1,1,0.258662999,-1,100,0,0,0,0,0
17.95,1.40670779,-0.0492015822,-7.00261236,0.0793129283,-0.0103060752,FollowWall,following_right_wall,0,14,42,0.624975443,-1,-1,-1,1,0.258662999,-1,100,0,0,0,0,0
18,1.41020468,-0.0496437663,-7.41107248,0.0792563307,-0.0111550391,FollowWall,following_right_wall,0,14,42,0.617783427,-1,-1,-1,1,0.258507252,-1,100,0,0,0,0,0
18.05,1.41387992,-0.0501300267,-7.66265623,0.0792563307,-0.0111550391,FollowWall,following_right_wall,0,14,42,0.617783427,-1,-1,-1,1,0.258507252,-1,100,0,0,0,0,0
18.1,1.4176589,-0.0506438321,-7.82272876,0.0793161052,-0.0102584213,FollowWall,following_right_wall,0,14,42,0.610161901,-1,-1,-1,1,0.260144174,-1,100,0,0,0,0,0
18.15,1.42149943,-0.0511750795,-7.9283495,0.0793161052,-0.0102584213,FollowWall,following_right_wall,0,14,42,0.610161901,-1,-1,-1,1,0.260144174,-1,100,0,0,0,0,0
18.2,1.42537573,-0.0517174628,-8.00220668,0.0793831664,-0.00925250351,FollowWall,following_right_wall,0,14,42,0.602366984,-1,-1,-1,1,0.261202455,-1,100,0,0,0,0,0
18.25,1.42927416,-0.0522673817,-8.0563344,0.0793831664,-0.00925250351,FollowWall,following_right_wall,0,14,42,0.602366984,-1,-1,-1,1,0.261202455,-1,100,0,0,0,0,0
18.3,1.43318537,-0.0528224733,-8.09895327,0.0794672865,-0.00799070299,FollowWall,following_right_wall,0,14,42,0.594519556,-1,-1,-1,1,0.261478454,-1,100,0,0,0,0,0
18.35,1.43710569,-0.0533815439,-8.13335247,0.0794672865,-0.00799070299,FollowWall,following_right_wall,0,14,42,0.594519556,-1,-1,-1,1,0.261478454,-1,100,0,0,0,0,0
18.4,1.44103121,-0.0539435947,-8.16295687,0.0795458156,-0.00681276619,FollowWall,following_right_wall,0,14,42,0.586664021,-1,-1,-1,1,0.264083236,-1,100,0,0,0,0,0
18.45,1.4449613,-0.0545082253,-8.18835825,0.0795458156,-0.00681276619,FollowWall,following_right_wall,0,14,42,0.586664021,-1,-1,-1,1,0.264083236,-1,100,0,0,0,0,0
18.5,1.44889397,-0.0550749209,-8.21130786,0.04,-0.6,FollowWall,following_right_wall,0,14,42,0.578815997,-1,-1,-1,1,0.263743192,-1,100,0,0,0,0,0
18.55,1.45200983,-0.0555448205,-8.94089237,0.04,-0.6,FollowWall,following_right_wall,0,14,42,0.578815997,-1,-1,-1,1,0.263743192,-1,100,0,0,0,0,0
18.6,1.45464457,-0.0559862821,-10.0826806,0.079458912,-0.00811631978,FollowWall,following_right_wall,0,14,42,0.573114872,-1,-1,-1,1,0.266702712,-1,100,0,0,0,0,0
18.65,1.45780532,-0.0565675592,-10.7584118,0.079458912,-0.00811631978,FollowWall,following_right_wall,0,14,42,0.573114872,-1,-1,-1,1,0.266702712,-1,100,0,0,0,0,0
18.7,1.46127101,-0.0572387321,-11.1622766,0.0794398683,-0.00840197504,FollowWall,following_right_wall,0,14,42,0.566735208,-1,-1,-1,1,0.268116444,-1,100,0,0,0,0,0
18.75,1.46491341,-0.0579655694,-11.4078934,0.0794398683,-0.00840197504,FollowWall,following_right_wall,0,14,42,0.566735208,-1,-1,-1,1,0.268116444,-1,100,0,0,0,0,0
18.8,1.46865851,-0.0587264679,-11.5611991,0.0794464368,-0.00830344856,FollowWall,following_right_wall,0,14,42,0.559096217,-1,-1,-1,1,0.268113911,-1,100,0,0,0,0,0
18.85,1.47246344,-0.0595082594,-11.6605389,0.0794464368,-0.00830344856,FollowWall,following_right_wall,0,14,42,0.559096217,-1,-1,-1,1,0.268113911,-1,100,0,0,0,0,0
18.9,1.47630309,-0.0603030262,-11.7283986,0.0794869828,-0.00769525766,FollowWall,following_right_wall,0,14,42,0.551340699,-1,-1,-1,1,0.271264046,-1,100,0,0,0,0,0
18.95,1.48016367,-0.0611062247,-11.777169,0.0794869828,-0.00769525766,FollowWall,following_right_wall,0,14,42,0.551340699,-1,-1,-1,1,0.271264046,-1,100,0,0,0,0,0
19,1.48403634,-0.0619149827,-11.8148039,0.078368901,-0.0244664848,FollowWall,following_right_wall,0,14,42,0.54355216,-1,-1,-1,1,0.274325848,-1,100,0,0,0,0,0
19.05,1.48789297,-0.0627235126,-11.8659623,0.078368901,-0.0244664848,FollowWall,following_right_wall,0,14,42,0.54355216,-1,-1,-1,1,0.274325848,-1,100,0,0,0,0,0
19.1,1.49173984,-0.0635338591,-11.9250094,0.0747332561,-0.0790011585,FollowWall,following_right_wall,0,14,42,0.535803139,-1,-1,-1,1,0.302667439,-1,100,0,0,0,0,0
19.15,1.49550605,-0.0643336625,-12.0537543,0.0747332561,-0.0790011585,FollowWall,following_right_wall,0,14,42,0.535803139,-1,-1,-1,1,0.302667439,-1,100,0,0,0,0,0
19.2,1.49922392,-0.0651333147,-12.2231561,0.0718044865,-0.122932702,FollowWall,following_right_wall,0,14,42,0.528225839,-1,-1,-1,1,0.331955135,-1,100,0,0,0,0,0
19.25,1.50285231,-0.0659274785,-12.468714,0.0718044865,-0.122932702,FollowWall,following_right_wall,0,14,42,0.528225839,-1,-1,-1,1,0.331955135,-1,100,0,0,0,0,0
19.3,1.5064265,-0.0667273028,-12.7586961,0.0698317516,-0.152523726,FollowWall,following_right_wall,0,14,42,0.520894527,-1,-1,-1,1,0.351682484,-1,100,0,0,0,0,0
19.35,1.50992672,-0.0675311656,-13.1099142,0.0698317516,-0.152523726,FollowWall,following_right_wall,0,14,42,0.520894527,-1,-1,-1,1,0.351682484,-1,100,0,0,0,0,0
19.4,1.51338123,-0.0683479946,-13.4968532,0.0686902541,-0.169646189,FollowWall,following_right_wall,0,14,42,0.513835967,-1,-1,-1,1,0.363097459,-1,100,0,0,0,0,0
19.45,1.5167832,-0.0691779933,-13.9250678,0.0686902541,-0.169646189,FollowWall,following_right_wall,0,14,42,0.513835967,-1,-1,-1,1,0.363097459,-1,100,0,0,0,0,0
19.5,1.52015152,-0.0700272583,-14.3773599,0.0681106168,-0.178340748,FollowWall,following_right_wall,0,14,42,0.50704962,-1,-1,-1,1,0.368893832,-1,100,0,0,0,0,0
19.55,1.52348534,-0.0708966315,-14.8540756,0.0681106168,-0.178340748,FollowWall,following_right_wall,0,14,42,0.50704962,-1,-1,-1,1,0.368893832,-1,100,0,0,0,0,0
19.6,1.5267957,-0.0717898078,-15.3450383,0.0678492475,-0.182261288,FollowWall,following_right_wall,0,14,42,0.500519097,-1,-1,-1,1,0.371507525,-1,100,0,0,0,0,0
19.65,1.53008363,-0.0727076276,-15.8489916,0.0678492475,-0.182261288,FollowWall,following_right_wall,0,14,42,0.500519097,-1,-1,-1,1,0.371507525,-1,100,0,0,0,0,0
19.7,1.53335481,-0.073652102,-16.3605227,0.0677451301,-0.183823049,FollowWall,following_right_wall,0,14,42,0.493740469,-1,-1,-1,1,0.372548699,-1,100,0,0,0,0,0
19.75,1.53661038,-0.0746238306,-16.8783385,0.0677451301,-0.183823049,FollowWall,following_right_wall,0,14,42,0.493740469,-1,-1,-1,1,0.372548699,-1,100,0,0,0,0,0
19.8,1.53985292,-0.0756237884,-17.3998203,0.0677096534,-0.184355199,FollowWall,following_right_wall,0,14,42,0.486792326,-1,-1,-1,1,0.372903466,-1,100,0,0,0,0,0
19.85,1.54308313,-0.0766523157,-17.9240758,0.0677096534,-0.184355199,FollowWall,following_right_wall,0,14,42,0.486792326,-1,-1,-1,1,0.372903466,-1,100,0,0,0,0,0
19.9,1.54630199,-0.0777098138,-18.4499493,0.0676999706,-0.184500441,FollowWall,following_right_wall,0,14,42,0.480057448,-1,-1,-1,1,0.373000294,-1,100,0,0,0,0,0
19.95,1.54950976,-0.0787964245,-18.9769401,0.0676999706,-0.184500441,FollowWall,following_right_wall,0,14,42,0.480057448,-1,-1,-1,1,0.373000294,-1,100,0,0,0,0,0
20,1.55270668,-0.0799122614,-19.5045825,0.0676975536,-0.184536695,FollowWall,following_right_wall,0,14,42,0.473528355,-1,-1,-1,1,0.373024464,-1,100,0,0,0,0,0
20.05,1.55589273,-0.0810573365,-20.0326484,0.0676975536,-0.184536695,FollowWall,following_right_wall,0,14,42,0.473528355,-1,-1,-1,1,0.373024464,-1,100,0,0,0,0,0
20.1,1.55906781,-0.0822316337,-20.5609613,0.0676953691,-0.184569463,FollowWall,following_right_wall,0,14,42,0.467198312,-1,-1,-1,1,0.373046309,-1,100,0,0,0,0,0
20.15,1.56223173,-0.0834350867,-21.0894574,0.0676953691,-0.184569463,FollowWall,following_right_wall,0,14,42,0.467198312,-1,-1,-1,1,0.373046309,-1,100,0,0,0,0,0
20.2,1.56538429,-0.0846676298,-21.6180603,0.0676912832,-0.184630752,FollowWall,following_right_wall,0,14,42,0.460806668,-1,-1,-1,1,0.373087168,-1,100,0,0,0,0,0
20.25,1.56852521,-0.0859291501,-22.1467988,0.0676912832,-0.184630752,FollowWall,following_right_wall,0,14,42,0.460806668,-1,-1,-1,1,0.373087168,-1,100,0,0,0,0,0
20.3,1.57165426,-0.0872195684,-22.6756163,0.0676850367,-0.18472445,FollowWall,following_right_wall,0,14,42,0.454051137,-1,-1,-1,1,0.373149633,-1,100,0,0,0,0,0
20.35,1.5747711,-0.0885387439,-23.2045917,0.0676850367,-0.18472445,FollowWall,following_right_wall,0,14,42,0.454051137,-1,-1,-1,1,0.373149633,-1,100,0,0,0,0,0
20.4,1.57787552,-0.0898865983,-23.7336593,0.0676769483,-0.184845775,FollowWall,following_right_wall,0,14,42,0.447502047,-1,-1,-1,1,0.373230517,-1,100,0,0,0,0,0
20.45,1.58096716,-0.0912629725,-24.2629254,0.0676769483,-0.184845775,FollowWall,following_right_wall,0,14,42,0.447502047,-1,-1,-1,1,0.373230517,-1,100,0,0,0,0,0
20.5,1.58404582,-0.0926677934,-24.7923074,0.0676674473,-0.18498829,FollowWall,following_right_wall,0,14,42,0.44115442,-1,-1,-1,1,0.373325527,-1,100,0,0,0,0,0
20.55,1.58711112,-0.0941008885,-25.321927,0.0676674473,-0.18498829,FollowWall,following_right_wall,0,14,42,0.44115442,-1,-1,-1,1,0.373325527,-1,100,0,0,0,0,0
20.6,1.5901629,-0.0955621903,-25.8516854,0.0676568973,-0.18514654,FollowWall,following_right_wall,0,14,42,0.435003638,-1,-1,-1,1,0.373431027,-1,100,0,0,0,0,0
20.65,1.59320075,-0.0970515151,-26.3817134,0.0676568973,-0.18514654,FollowWall,following_right_wall,0,14,42,0.435003638,-1,-1,-1,1,0.373431027,-1,100,0,0,0,0,0
20.7,1.59622452,-0.0985688001,-26.9118989,0.0676455903,-0.185316145,FollowWall,following_right_wall,0,14,42,0.428891391,-1,-1,-1,1,0.373544097,-1,100,0,0,0,0,0
20.75,1.59923382,-0.100113852,-27.4423786,0.0676455903,-0.185316145,FollowWall,following_right_wall,0,14,42,0.428891391,-1,-1,-1,1,0.373544097,-1,100,0,0,0,0,0
20.8,1.60222851,-0.10168661,-27.9730299,0.067633732,-0.185494021,FollowWall,following_right_wall,0,14,42,0.422588795,-1,-1,-1,1,0.37366268,-1,100,0,0,0,0,0
20.85,1.60520817,-0.103286872,-28.5039937,0.067633732,-0.185494021,FollowWall,following_right_wall,0,14,42,0.422588795,-1,-1,-1,1,0.37366268,-1,100,0,0,0,0,0
20.9,1.60817269,-0.104914581,-29.0351398,0.0676214802,-0.185677797,FollowWall,following_right_wall,0,14,42,0.416236281,-1,-1,-1,1,0.373785198,-1,100,0,0,0,0,0
20.95,1.61112166,-0.106569524,-29.5666115,0.0676214802,-0.185677797,FollowWall,following_right_wall,0,14,42,0.416236281,-1,-1,-1,1,0.373785198,-1,100,0,0,0,0,0
21,1.61405496,-0.108251645,-30.0982733,0.0676089483,-0.185865775,FollowWall,following_right_wall,0,14,42,0.409814566,-1,-1,-1,1,0.373910517,-1,100,0,0,0,0,0
21.05,1.61697218,-0.109960723,-30.6302702,0.0676089483,-0.185865775,FollowWall,following_right_wall,0,14,42,0.409814566,-1,-1,-1,1,0.373910517,-1,100,0,0,0,0,0
21.1,1.6198732,-0.111696701,-31.1624627,0.0675962138,-0.186056793,FollowWall,following_right_wall,0,14,42,0.403596401,-1,-1,-1,1,0.374037862,-1,100,0,0,0,0,0
21.15,1.62275763,-0.113459352,-31.6949972,0.0675962138,-0.186056793,FollowWall,following_right_wall,0,14,42,0.403596401,-1,-1,-1,1,0.374037862,-1,100,0,0,0,0,0
21.2,1.62562536,-0.115248618,-32.2277313,0.0675833392,-0.186249912,FollowWall,following_right_wall,0,14,42,0.397577167,-1,-1,-1,1,0.374166608,-1,100,0,0,0,0,0
21.25,1.62847598,-0.117064262,-32.7608123,0.0675833392,-0.186249912,FollowWall,following_right_wall,0,14,42,0.397577167,-1,-1,-1,1,0.374166608,-1,100,0,0,0,0,0
21.3,1.63130938,-0.118906225,-33.2940957,0.0675703752,-0.186444372,FollowWall,following_right_wall,0,14,42,0.39175266,-1,-1,-1,1,0.374296248,-1,100,0,0,0,0,0
21.35,1.63412517,-0.120774264,-33.8277292,0.0675703752,-0.186444372,FollowWall,following_right_wall,0,14,42,0.39175266,-1,-1,-1,1,0.374296248,-1,100,0,0,0,0,0
21.4,1.63692324,-0.122668319,-34.361567,0.0675573456,-0.186639816,FollowWall,following_right_wall,0,14,42,0.386119008,-1,-1,-1,1,0.374426544,-1,100,0,0,0,0,0
21.45,1.6397032,-0.124588136,-34.8957573,0.0675573456,-0.186639816,FollowWall,following_right_wall,0,14,42,0.386119008,-1,-1,-1,1,0.374426544,-1,100,0,0,0,0,0
21.5,1.64246494,-0.126533656,-35.4301532,0.0675442833,-0.186835751,FollowWall,following_right_wall,0,14,42,0.380672723,-1,-1,-1,1,0.374557167,-1,100,0,0,0,0,0
21.55,1.64520807,-0.128504618,-35.9649028,0.0675442833,-0.186835751,FollowWall,following_right_wall,0,14,42,0.380672723,-1,-1,-1,1,0.374557167,-1,100,0,0,0,0,0
21.6,1.64793249,-0.130500958,-36.4998589,0.0675311971,-0.187032044,FollowWall,following_right_wall,0,14,42,0.375410676,-1,-1,-1,1,0.374688029,-1,100,0,0,0,0,0
21.65,1.65063782,-0.13252241,-37.0351696,0.0675311971,-0.187032044,FollowWall,following_right_wall,0,14,42,0.375410676,-1,-1,-1,1,0.374688029,-1,100,0,0,0,0,0
21.7,1.65332395,-0.134568907,-37.5706873,0.0675181019,-0.187228471,FollowWall,following_right_wall,0,14,42,0.370083958,-1,-1,-1,1,0.374818981,-1,100,0,0,0,0,0
21.75,1.6559905,-0.136640176,-38.1065601,0.0675181019,-0.187228471,FollowWall,following_right_wall,0,14,42,0.370083958,-1,-1,-1,1,0.374818981,-1,100,0,0,0,0,0
21.8,1.65863736,-0.138736149,-38.6426401,0.0675050008,-0.187424988,FollowWall,following_right_wall,0,14,42,0.364895076,-1,-1,-1,1,0.374949992,-1,100,0,0,0,0,0
21.85,1.66126418,-0.140856542,-39.1790756,0.0675050008,-0.187424988,FollowWall,following_right_wall,0,14,42,0.364895076,-1,-1,-1,1,0.374949992,-1,100,0,0,0,0,0
21.9,1.66387083,-0.143001288,-39.7157183,0.0674918967,-0.187621549,FollowWall,following_right_wall,0,14,42,0.359896034,-1,-1,-1,1,0.375081033,-1,100,0,0,0,0,0
21.95,1.66645697,-0.145170096,-40.2527167,0.0674918967,-0.187621549,FollowWall,following_right_wall,0,14,42,0.359896034,-1,-1,-1,1,0.375081033,-1,100,0,0,0,0,0
22,1.66902247,-0.147362894,-40.7899224,0.0674787807,-0.187818289,FollowWall,following_right_wall,0,14,42,0.355084538,-1,-1,-1,1,0.375212193,-1,100,0,0,0,0,0
22.05,1.67156698,-0.149579386,-41.327484,0.0674787807,-0.187818289,FollowWall,following_right_wall,0,14,42,0.355084538,-1,-1,-1,1,0.375212193,-1,100,0,0,0,0,0
22.1,1.6740904,-0.151819497,-41.8652532,0.0674656439,-0.188015342,FollowWall,following_right_wall,0,14,42,0.350458682,-1,-1,-1,1,0.375343561,-1,100,0,0,0,0,0
22.15,1.67659237,-0.154082923,-42.4033787,0.0674656439,-0.188015342,FollowWall,following_right_wall,0,14,42,0.350458682,-1,-1,-1,1,0.375343561,-1,100,0,0,0,0,0
22.2,1.67907279,-0.156369588,-42.941712,0.0674524802,-0.188212797,FollowWall,following_right_wall,0,14,42,0.346016914,-1,-1,-1,1,0.375475198,-1,100,0,0,0,0,0
22.25,1.6815313,-0.158679181,-43.4804022,0.0674524802,-0.188212797,FollowWall,following_right_wall,0,14,42,0.346016914,-1,-1,-1,1,0.375475198,-1,100,0,0,0,0,0
22.3,1.68396782,-0.161011622,-44.0193007,0.0674392718,-0.188410923,FollowWall,following_right_wall,0,14,42,0.341702133,-1,-1,-1,1,0.375607282,-1,100,0,0,0,0,0
22.35,1.68638198,-0.163366594,-44.5585571,0.0674392718,-0.188410923,FollowWall,following_right_wall,0,14,42,0.341702133,-1,-1,-1,1,0.375607282,-1,100,0,0,0,0,0
22.4,1.68877369,-0.165744016,-45.0980223,0.0674259979,-0.188610032,FollowWall,following_right_wall,0,14,42,0.337543666,-1,-1,-1,1,0.375740021,-1,100,0,0,0,0,0
22.45,1.69114262,-0.168143561,-45.6378469,0.0674259979,-0.188610032,FollowWall,following_right_wall,0,14,42,0.337543666,-1,-1,-1,1,0.375740021,-1,100,0,0,0,0,0
22.5,1.69348865,-0.170565147,-46.1778813,0.0674126345,-0.188810483,FollowWall,following_right_wall,0,14,42,0.3335554,-1,-1,-1,1,0.375873655,-1,100,0,0,0,0,0
22.55,1.69581146,-0.17300844,-46.7182773,0.0674126345,-0.188810483,FollowWall,following_right_wall,0,14,42,0.3335554,-1,-1,-1,1,0.375873655,-1,100,0,0,0,0,0
22.6,1.69811095,-0.175473357,-47.2588842,0.0673991609,-0.189012587,FollowWall,following_right_wall,0,14,42,0.329736948,-1,-1,-1,1,0.376008391,-1,100,0,0,0,0,0
22.65,1.70038679,-0.177959556,-47.7998553,0.0673991609,-0.189012587,FollowWall,following_right_wall,0,14,42,0.329736948,-1,-1,-1,1,0.376008391,-1,100,0,0,0,0,0
22.7,1.70263888,-0.180466951,-48.341039,0.0673855412,-0.189216882,FollowWall,following_right_wall,0,14,42,0.32608822,-1,-1,-1,1,0.376144588,-1,100,0,0,0,0,0
22.75,1.7048669,-0.182995192,-48.8825905,0.0673855412,-0.189216882,FollowWall,following_right_wall,0,14,42,0.32608822,-1,-1,-1,1,0.376144588,-1,100,0,0,0,0,0
22.8,1.70707076,-0.185544193,-49.4243566,0.0673717487,-0.18942377,FollowWall,following_right_wall,0,14,42,0.322609544,-1,-1,-1,1,0.376282513,-1,100,0,0,0,0,0
22.85,1.70925012,-0.188113597,-49.9664947,0.0673717487,-0.18942377,FollowWall,following_right_wall,0,14,42,0.322609544,-1,-1,-1,1,0.376282513,-1,100,0,0,0,0,0
22.9,1.71140491,-0.190703316,-50.50885,0.0673577416,-0.189633876,FollowWall,following_right_wall,0,14,42,0.319301635,-1,-1,-1,1,0.376422584,-1,100,0,0,0,0,0
22.95,1.7135348,-0.193312983,-51.0515826,0.0673577416,-0.189633876,FollowWall,following_right_wall,0,14,42,0.319301635,-1,-1,-1,1,0.376422584,-1,100,0,0,0,0,0
23,1.71563972,-0.195942511,-51.5945354,0.0673157918,-0.190263122,FollowWall,following_right_wall,0,14,42,0.316165477,-1,-1,-1,1,0.376842082,-1,100,0,0,0,0,0
23.05,1.71771897,-0.19859108,-52.1383678,0.0673157918,-0.190263122,FollowWall,following_right_wall,0,14,42,0.316165477,-1,-1,-1,1,0.376842082,-1,100,0,0,0,0,0
23.1,1.7197726,-0.2012588,-52.6827132,0.0672713685,-0.190929472,FollowWall,following_right_wall,0,14,42,0.313205302,-1,-1,-1,1,0.377286315,-1,100,0,0,0,0,0
23.15,1.72180001,-0.203944913,-53.2281533,0.0672713685,-0.190929472,FollowWall,following_right_wall,0,14,42,0.313205302,-1,-1,-1,1,0.377286315,-1,100,0,0,0,0,0
23.2,1.7238013,-0.206649618,-53.7742319,0.0672282147,-0.191576779,FollowWall,following_right_wall,0,14,42,0.310425311,-1,-1,-1,1,0.377717853,-1,100,0,0,0,0,0
23.25,1.72577591,-0.209372216,-54.3214557,0.0672282147,-0.191576779,FollowWall,following_right_wall,0,14,42,0.310425311,-1,-1,-1,1,0.377717853,-1,100,0,0,0,0,0
23.3,1.72772397,-0.212112926,-54.8693476,0.0671863097,-0.192205355,FollowWall,following_right_wall,0,14,42,0.307829022,-1,-1,-1,1,0.378136903,-1,100,0,0,0,0,0
23.35,1.72964494,-0.214871069,-55.4183794,0.0671863097,-0.192205355,FollowWall,following_right_wall,0,14,42,0.307829022,-1,-1,-1,1,0.378136903,-1,100,0,0,0,0,0
23.4,1.73153894,-0.217646865,-55.9680762,0.0671455222,-0.192817166,FollowWall,following_right_wall,0,14,42,0.305420071,-1,-1,-1,1,0.378544778,-1,100,0,0,0,0,0
23.45,1.73340547,-0.22043964,-56.5188912,0.0671455222,-0.192817166,FollowWall,following_right_wall,0,14,42,0.305420071,-1,-1,-1,1,0.378544778,-1,100,0,0,0,0,0
23.5,1.73524464,-0.223249606,-57.0703585,0.0671056914,-0.193414629,FollowWall,following_right_wall,0,14,42,0.303202331,-1,-1,-1,1,0.378943086,-1,100,0,0,0,0,0
23.55,1.73705596,-0.226076088,-57.6229194,0.0671056914,-0.193414629,FollowWall,following_right_wall,0,14,42,0.303202331,-1,-1,-1,1,0.378943086,-1,100,0,0,0,0,0
23.6,1.73883953,-0.228919289,-58.1761184,0.0670666742,-0.193999887,FollowWall,following_right_wall,0,14,42,0.301180154,-1,-1,-1,1,0.379333258,-1,100,0,0,0,0,0
23.65,1.74059488,-0.231778532,-58.7303881,0.0670666742,-0.193999887,FollowWall,following_right_wall,0,14,42,0.301180154,-1,-1,-1,1,0.379333258,-1,100,0,0,0,0,0
23.7,1.74232211,-0.234654008,-59.2852823,0.0670283395,-0.194574907,FollowWall,following_right_wall,0,14,42,0.299358457,-1,-1,-1,1,0.379716605,-1,100,0,0,0,0,0
23.75,1.74402076,-0.237545039,-59.8412274,0.0670283395,-0.194574907,FollowWall,following_right_wall,0,14,42,0.299358457,-1,-1,-1,1,0.379716605,-1,100,0,0,0,0,0
23.8,1.74569091,-0.240451805,-60.3977853,0.066990568,-0.195141479,FollowWall,following_right_wall,0,14,42,0.297742784,-1,-1,-1,1,0.38009432,-1,100,0,0,0,0,0
23.85,1.74733213,-0.243373624,-60.9553771,0.066990568,-0.195141479,FollowWall,following_right_wall,0,14,42,0.297742784,-1,-1,-1,1,0.38009432,-1,100,0,0,0,0,0
23.9,1.74894448,-0.24631067,-61.513572,0.0669532645,-0.195701033,FollowWall,following_right_wall,0,14,42,0.296339273,-1,-1,-1,1,0.380467355,-1,100,0,0,0,0,0
23.95,1.75052756,-0.249262253,-62.0727865,0.0669532645,-0.195701033,FollowWall,following_right_wall,0,14,42,0.296339273,-1,-1,-1,1,0.380467355,-1,100,0,0,0,0,0
24,1.75208142,-0.25222854,-62.6325959,0.0669163364,-0.196254954,FollowWall,following_right_wall,0,14,42,0.29515484,-1,-1,-1,1,0.380836636,-1,100,0,0,0,0,0
24.05,1.75360566,-0.255208837,-63.1934135,0.0669163364,-0.196254954,FollowWall,following_right_wall,0,14,42,0.29515484,-1,-1,-1,1,0.380836636,-1,100,0,0,0,0,0
24.1,1.75510034,-0.258203306,-63.7548192,0.0668797153,-0.19680427,FollowWall,following_right_wall,0,14,42,0.294197172,-1,-1,-1,1,0.381202847,-1,100,0,0,0,0,0
24.15,1.75656506,-0.261211245,-64.3172236,0.0668797153,-0.19680427,FollowWall,following_right_wall,0,14,42,0.294197172,-1,-1,-1,1,0.381202847,-1,100,0,0,0,0,0
24.2,1.75799989,-0.26423281,-64.8802107,0.0668433267,-0.1973501,FollowWall,following_right_wall,0,14,42,0.293474793,-1,-1,-1,1,0.381566733,-1,100,0,0,0,0,0
24.25,1.75940445,-0.267267293,-65.4441891,0.0668433267,-0.1973501,FollowWall,following_right_wall,0,14,42,0.293474793,-1,-1,-1,1,0.381566733,-1,100,0,0,0,0,0
24.3,1.76077878,-0.270314849,-66.0087459,0.0668071169,-0.197893247,FollowWall,following_right_wall,0,14,42,0.292997092,-1,-1,-1,1,0.381928831,-1,100,0,0,0,0,0
24.35,1.76212253,-0.273374759,-66.5742883,0.0668071169,-0.197893247,FollowWall,following_right_wall,0,14,42,0.292997092,-1,-1,-1,1,0.381928831,-1,100,0,0,0,0,0
24.4,1.76343573,-0.276447175,-67.1404057,0.04,-0.6,FollowWall,following_right_wall,0,14,42,0.292774528,-1,-1,-1,1,0.382289737,-1,100,0,0,0,0,0
24.45,1.76449317,-0.279020826,-68.1868381,0.04,-0.6,FollowWall,following_right_wall,0,14,42,0.292774528,-1,-1,-1,1,0.382289737,-1,100,0,0,0,0,0
24.5,1.76537946,-0.281311774,-69.5134543,0.0400049761,-0.599925358,FollowWall,following_right_wall,0,14,42,0.297215611,-1,-1,-1,1,0.383461654,-1,100,0,0,0,0,0
24.55,1.76614498,-0.283444916,-71.0034218,0.0400049761,-0.599925358,FollowWall,following_right_wall,0,14,42,0.297215611,-1,-1,-1,1,0.383461654,-1,100,0,0,0,0,0
24.6,1.76681835,-0.285492507,-72.5886777,0.0439767402,-0.540348897,FollowWall,following_right_wall,0,14,42,0.305544406,-1,-1,-1,1,0.386788666,-1,100,0,0,0,0,0
24.65,1.76744027,-0.287575172,-74.1584043,0.0439767402,-0.540348897,FollowWall,following_right_wall,0,14,42,0.305544406,-1,-1,-1,1,0.386788666,-1,100,0,0,0,0,0
24.7,1.76800781,-0.289684226,-75.7190722,0.0480622518,-0.479066222,FollowWall,following_right_wall,0,14,42,0.3160685,-1,-1,-1,1,0.3863554,-1,100,0,0,0,0,0
24.75,1.76854051,-0.291896333,-77.2013049,0.0480622518,-0.479066222,FollowWall,following_right_wall,0,14,42,0.3160685,-1,-1,-1,1,0.3863554,-1,100,0,0,0,0,0
24.8,1.76902785,-0.294173346,-78.6377839,0.0518549546,-0.42217568,FollowWall,following_right_wall,0,14,42,0.327825606,-1,-1,-1,1,0.388817936,-1,100,0,0,0,0,0
24.85,1.76948026,-0.296569664,-79.979665,0.0518549546,-0.42217568,FollowWall,following_right_wall,0,14,42,0.327825606,-1,-1,-1,1,0.388817936,-1,100,0,0,0,0,0
24.9,1.76988805,-0.299039078,-81.2663641,0.0553041786,-0.370437321,FollowWall,following_right_wall,0,14,42,0.340289265,-1,-1,-1,1,0.388811529,-1,100,0,0,0,0,0
24.95,1.77025779,-0.301624949,-82.4591156,0.0553041786,-0.370437321,FollowWall,following_right_wall,0,14,42,0.340289265,-1,-1,-1,1,0.388811529,-1,100,0,0,0,0,0
25,1.7705826,-0.304281099,-83.5970642,0.0586750536,-0.319874196,FollowWall,following_right_wall,0,14,42,0.353128165,-1,-1,-1,1,0.389665127,-1,100,0,0,0,0,0
25.05,1.77086775,-0.307049814,-84.6426893,0.0586750536,-0.319874196,FollowWall,following_right_wall,0,14,42,0.353128165,-1,-1,-1,1,0.389665127,-1,100,0,0,0,0,0
25.1,1.77110894,-0.309885599,-85.634459,0.0613861394,-0.279207908,FollowWall,following_right_wall,0,14,42,0.366009116,-1,-1,-1,1,0.388087511,-1,100,0,0,0,0,0
25.15,1.77130934,-0.312817818,-86.5462712,0.0613861394,-0.279207908,FollowWall,following_right_wall,0,14,42,0.366009116,-1,-1,-1,1,0.388087511,-1,100,0,0,0,0,0
25.2,1.7714671,-0.315806986,-87.4114415,0.0648537708,-0.227193438,FollowWall,following_right_wall,0,14,42,0.378775179,-1,-1,-1,1,0.391746312,-1,100,0,0,0,0,0
25.25,1.77158603,-0.318901931,-88.1873164,0.0648537708,-0.227193438,FollowWall,following_right_wall,0,14,42,0.378775179,-1,-1,-1,1,0.391746312,-1,100,0,0,0,0,0
25.3,1.77166598,-0.322058755,-88.9111023,0.0626229128,0.260656308,FollowWall,following_right_wall,0,14,42,0.390872806,-1,-1,-1,1,0.627569973,-1,100,0,0,0,0,0
25.35,1.77172273,-0.325204959,-89.0221751,0.0626229128,0.260656308,FollowWall,following_right_wall,0,14,42,0.390872806,-1,-1,-1,1,0.627569973,-1,100,0,0,0,0,0
25.4,1.77178307,-0.328344607,-88.7758321,0.065726343,-0.214104855,FollowWall,following_right_wall,0,14,42,0.389457911,-1,-1,-1,1,0.389951915,-1,100,0,0,0,0,0
25.45,1.77184833,-0.331545041,-88.8877008,0.065726343,-0.214104855,FollowWall,following_right_wall,0,14,42,0.389457911,-1,-1,-1,1,0.389951915,-1,100,0,0,0,0,0
25.5,1.7719021,-0.3347812,-89.2085265,0.0662278671,-0.206581994,FollowWall,following_right_wall,0,14,42,0.393016815,-1,-1,-1,1,0.385141373,-1,100,0,0,0,0,0
25.55,1.77193487,-0.338048803,-89.6422638,0.0662278671,-0.206581994,FollowWall,following_right_wall,0,14,42,0.393016815,-1,-1,-1,1,0.385141373,-1,100,0,0,0,0,0
25.6,1.77194106,-0.341334743,-90.1418664,0.0675100567,-0.18734915,FollowWall,following_right_wall,0,14,42,0.401472807,-1,-1,-1,1,0.384439409,-1,100,0,0,0,0,0
25.65,1.7719179,-0.344657923,-90.6569328,0.0675100567,-0.18734915,FollowWall,following_right_wall,0,14,42,0.401472807,-1,-1,-1,1,0.384439409,-1,100,0,0,0,0,0
25.7,1.77186425,-0.348002521,-91.1810197,0.0689462571,-0.165806143,FollowWall,following_right_wall,0,14,42,0.411747605,-1,-1,-1,1,0.38363269,-1,100,0,0,0,0,0
25.75,1.77177954,-0.351389108,-91.6846536,0.0689462571,-0.165806143,FollowWall,following_right_wall,0,14,42,0.411747605,-1,-1,-1,1,0.38363269,-1,100,0,0,0,0,0
25.8,1.77166458,-0.354799679,-92.1763566,0.0703361512,-0.144957731,FollowWall,following_right_wall,0,14,42,0.422528476,-1,-1,-1,1,0.382849306,-1,100,0,0,0,0,0
25.85,1.77151948,-0.358252598,-92.6362139,0.0703361512,-0.144957731,FollowWall,following_right_wall,0,14,42,0.422528476,-1,-1,-1,1,0.382849306,-1,100,0,0,0,0,0
25.9,1.77134597,-0.361729588,-93.0774945,0.0716288204,-0.125567694,FollowWall,following_right_wall,0,14,42,0.433220774,-1,-1,-1,1,0.382101715,-1,100,0,0,0,0,0
25.95,1.77114433,-0.365246848,-93.4847936,0.0716288204,-0.125567694,FollowWall,following_right_wall,0,14,42,0.433220774,-1,-1,-1,1,0.382101715,-1,100,0,0,0,0,0
26,1.77091673,-0.36878691,-93.8722701,0.0727542929,-0.108685606,FollowWall,following_right_wall,0,14,42,0.443535835,-1,-1,-1,1,0.378887415,-1,100,0,0,0,0,0
26.05,1.77066352,-0.372362971,-94.228032,0.0727542929,-0.108685606,FollowWall,following_right_wall,0,14,42,0.443535835,-1,-1,-1,1,0.378887415,-1,100,0,0,0,0,0
26.1,1.77038701,-0.375959329,-94.5652936,0.0737692681,-0.0934609788,FollowWall,following_right_wall,0,14,42,0.453355193,-1,-1,-1,1,0.378177553,-1,100,0,0,0,0,0
26.15,1.77008745,-0.379587912,-94.8735904,0.0737692681,-0.0934609788,FollowWall,following_right_wall,0,14,42,0.453355193,-1,-1,-1,1,0.378177553,-1,100,0,0,0,0,0
26.2,1.76976716,-0.383234608,-95.164991,0.074648268,-0.0802759801,FollowWall,following_right_wall,0,14,42,0.462619156,-1,-1,-1,1,0.377402067,-1,100,0,0,0,0,0
26.25,1.7694264,-0.386909442,-95.4307971,0.074648268,-0.0802759801,FollowWall,following_right_wall,0,14,42,0.462619156,-1,-1,-1,1,0.377402067,-1,100,0,0,0,0,0
26.3,1.76906738,-0.390600043,-95.681673,0.0754556646,-0.0681650303,FollowWall,following_right_wall,0,14,42,0.471314788,-1,-1,-1,1,0.376566589,-1,100,0,0,0,0,0
26.35,1.76869022,-0.394315958,-95.9093833,0.0754556646,-0.0681650303,FollowWall,following_right_wall,0,14,42,0.471314788,-1,-1,-1,1,0.376566589,-1,100,0,0,0,0,0
26.4,1.76829709,-0.398046045,-96.1235804,0.0761257593,-0.05811361,FollowWall,following_right_wall,0,14,42,0.479425758,-1,-1,-1,1,0.375706434,-1,100,0,0,0,0,0
26.45,1.76788815,-0.401797712,-96.3178966,0.0761257593,-0.05811361,FollowWall,following_right_wall,0,14,42,0.479425758,-1,-1,-1,1,0.375706434,-1,100,0,0,0,0,0
26.5,1.76746537,-0.405561429,-96.5006158,0.0767673003,-0.0484904957,FollowWall,following_right_wall,0,14,42,0.486981541,-1,-1,-1,1,0.375054032,-1,100,0,0,0,0,0
26.55,1.76702875,-0.409344948,-96.6650833,0.0767673003,-0.0484904957,FollowWall,following_right_wall,0,14,42,0.486981541,-1,-1,-1,1,0.375054032,-1,100,0,0,0,0,0
26.6,1.76658016,-0.413139544,-96.8189039,0.0773303934,-0.040044099,FollowWall,following_right_wall,0,14,42,0.493978441,-1,-1,-1,1,0.374431759,-1,100,0,0,0,0,0
26.65,1.76611966,-0.416951809,-96.9564317,0.0773303934,-0.040044099,FollowWall,following_right_wall,0,14,42,0.493978441,-1,-1,-1,1,0.374431759,-1,100,0,0,0,0,0
26.7,1.76564898,-0.420773973,-97.0844554,0.0778223448,-0.0326648274,FollowWall,following_right_wall,0,14,42,0.500426531,-1,-1,-1,1,0.373737395,-1,100,0,0,0,0,0
26.75,1.76516815,-0.424611706,-97.1981266,0.0778223448,-0.0326648274,FollowWall,following_right_wall,0,14,42,0.500426531,-1,-1,-1,1,0.373737395,-1,100,0,0,0,0,0
26.8,1.76467877,-0.428458178,-97.3034256,0.0782386771,-0.0264198442,FollowWall,following_right_wall,0,14,42,0.506352842,-1,-1,-1,1,0.372748524,-1,100,0,0,0,0,0
26.85,1.76418089,-0.432318035,-97.3963864,0.0782386771,-0.0264198442,FollowWall,following_right_wall,0,14,42,0.506352842,-1,-1,-1,1,0.372748524,-1,100,0,0,0,0,0
26.9,1.76367591,-0.436185415,-97.4821499,0.078584586,-0.0212312097,FollowWall,following_right_wall,0,14,42,0.511801243,-1,-1,-1,1,0.37184301,-1,100,0,0,0,0,0
26.95,1.76316391,-0.440064069,-97.5575215,0.078584586,-0.0212312097,FollowWall,following_right_wall,0,14,42,0.511801243,-1,-1,-1,1,0.37184301,-1,100,0,0,0,0,0
27,1.76264608,-0.443949065,-97.6268311,0.0789021614,-0.0164675783,FollowWall,following_right_wall,0,14,42,0.516826212,-1,-1,-1,1,0.370860904,-1,100,0,0,0,0,0
27.05,1.76212243,-0.447844109,-97.6869185,0.0789021614,-0.0164675783,FollowWall,following_right_wall,0,14,42,0.516826212,-1,-1,-1,1,0.370860904,-1,100,0,0,0,0,0
27.1,1.76159405,-0.451744829,-97.7416261,0.0792331295,-0.0115030578,FollowWall,following_right_wall,0,14,42,0.521458864,-1,-1,-1,1,0.369999915,-1,100,0,0,0,0,0
27.15,1.76106082,-0.455655534,-97.7872697,0.0792331295,-0.0115030578,FollowWall,following_right_wall,0,14,42,0.521458864,-1,-1,-1,1,0.369999915,-1,100,0,0,0,0,0
27.2,1.76052382,-0.459571934,-97.8276259,0.0794755083,-0.00786737536,FollowWall,following_right_wall,0,14,42,0.525686085,-1,-1,-1,1,0.369092673,-1,100,0,0,0,0,0
27.25,1.75998314,-0.463496547,-97.860558,0.0794755083,-0.00786737536,FollowWall,following_right_wall,0,14,42,0.525686085,-1,-1,-1,1,0.369092673,-1,100,0,0,0,0,0
27.3,1.75943966,-0.46742586,-97.8891594,0.0796823376,-0.0047649367,FollowWall,following_right_wall,0,14,42,0.529553235,-1,-1,-1,1,0.368120998,-1,100,0,0,0,0,0
27.35,1.75889343,-0.471362111,-97.9115312,0.0796823376,-0.0047649367,FollowWall,following_right_wall,0,14,42,0.529553235,-1,-1,-1,1,0.368120998,-1,100,0,0,0,0,0
27.4,1.75834521,-0.475302353,-97.9302692,0.0798589696,-0.00211545599,FollowWall,following_right_wall,0,14,42,0.533106923,-1,-1,-1,1,0.367286801,-1,100,0,0,0,0,0
27.45,1.75779504,-0.479248529,-97.9437248,0.0798589696,-0.00211545599,FollowWall,following_right_wall,0,14,42,0.533106923,-1,-1,-1,1,0.367286801,-1,100,0,0,0,0,0
27.5,1.75724355,-0.483198141,-97.9540991,0.0799747952,-0.000378071802,FollowWall,following_right_wall,0,14,42,0.534710348,-1,-1,-1,1,0.366433054,-1,100,0,0,0,0,0
27.55,1.75669085,-0.487152133,-97.960602,0.0799747952,-0.000378071802,FollowWall,following_right_wall,0,14,42,0.534710348,-1,-1,-1,1,0.366433054,-1,100,0,0,0,0,0
27.6,1.75613742,-0.491108675,-97.9648467,0.0799767235,0.00034914731,FollowWall,following_right_wall,0,14,42,0.533268154,-1,-1,-1,1,0.365547746,-1,100,0,0,0,0,0
27.65,1.75558355,-0.495066745,-97.966906,0.0799767235,0.00034914731,FollowWall,following_right_wall,0,14,42,0.533268154,-1,-1,-1,1,0.365547746,-1,100,0,0,0,0,0
27.7,1.75502946,-0.499025709,-97.9676905,0.0798867555,0.00169866767,FollowWall,following_right_wall,0,14,42,0.531919837,-1,-1,-1,1,0.36463058,-1,100,0,0,0,0,0
27.75,1.75447558,-0.502983352,-97.9661205,0.0798867555,0.00169866767,FollowWall,following_right_wall,0,14,42,0.531919837,-1,-1,-1,1,0.36463058,-1,100,0,0,0,0,0
27.8,1.75392197,-0.506940242,-97.963177,0.0797979688,0.00303046738,FollowWall,following_right_wall,0,14,42,0.530659378,-1,-1,-1,1,0.363501519,-1,100,0,0,0,0,0
27.85,1.75336896,-0.510894889,-97.9578426,0.0797979688,0.00303046738,FollowWall,following_right_wall,0,14,42,0.530659378,-1,-1,-1,1,0.363501519,-1,100,0,0,0,0,0
27.9,1.75281655,-0.514848263,-97.9511135,0.0797154223,0.00426866614,FollowWall,following_right_wall,0,14,42,0.529486895,-1,-1,-1,1,0.362198412,-1,100,0,0,0,0,0
27.95,1.75226503,-0.518799232,-97.9420929,0.0797154223,0.00426866614,FollowWall,following_right_wall,0,14,42,0.529486895,-1,-1,-1,1,0.362198412,-1,100,0,0,0,0,0
28,1.75171438,-0.522748848,-97.9317355,0.0796967158,0.00454926287,FollowWall,following_right_wall,0,14,42,0.528398097,-1,-1,-1,1,0.360906839,-1,100,0,0,0,0,0
28.05,1.75116466,-0.526697338,-97.9202634,0.0796967158,0.00454926287,FollowWall,following_right_wall,0,14,42,0.528398097,-1,-1,-1,1,0.360906839,-1,100,0,0,0,0,0
28.1,1.75061585,-0.530645225,-97.9081411,0.0797363023,0.00395546575,FollowWall,following_right_wall,0,14,42,0.527360797,-1,-1,-1,1,0.35948959,-1,100,0,0,0,0,0
28.15,1.7500678,-0.534593624,-97.8963482,0.0797363023,0.00395546575,FollowWall,following_right_wall,0,14,42,0.527360797,-1,-1,-1,1,0.35948959,-1,100,0,0,0,0,0
28.2,1.74952053,-0.538542367,-97.8847476,0.0797440715,0.00383892746,FollowWall,following_right_wall,0,14,42,0.526330054,-1,-1,-1,1,0.358267039,-1,100,0,0,0,0,0
28.25,1.74897401,-0.542491515,-97.8733981,0.0797440715,0.00383892746,FollowWall,following_right_wall,0,14,42,0.526330054,-1,-1,-1,1,0.358267039,-1,100,0,0,0,0,0
28.3,1.74842825,-0.546440944,-97.8621953,0.0797659532,0.00351070177,FollowWall,following_right_wall,0,14,42,0.525296152,-1,-1,-1,1,0.35694173,-1,100,0,0,0,0,0
28.35,1.74788316,-0.550391029,-97.8514697,0.0797659532,0.00351070177,FollowWall,following_right_wall,0,14,42,0.525296152,-1,-1,-1,1,0.35694173,-1,100,0,0,0,0,0
28.4,1.74733876,-0.554341537,-97.8410225,0.0797438209,0.00384268615,FollowWall,following_right_wall,0,14,42,0.524250329,-1,-1,-1,1,0.355776221,-1,100,0,0,0,0,0
28.45,1.74679512,-0.558291877,-97.8303414,0.0797438209,0.00384268615,FollowWall,following_right_wall,0,14,42,0.524250329,-1,-1,-1,1,0.355776221,-1,100,0,0,0,0,0
28.5,1.74625225,-0.562242161,-97.8195239,0.0797551526,0.00367271082,FollowWall,following_right_wall,0,14,42,0.52320528,-1,-1,-1,1,0.354901463,-1,100,0,0,0,0,0
28.55,1.7457101,-0.56619269,-97.8088297,0.0797551526,0.00367271082,FollowWall,following_right_wall,0,14,42,0.52320528,-1,-1,-1,1,0.354901463,-1,100,0,0,0,0,0
28.6,1.74516867,-0.570143403,-97.7982075,0.0797556745,0.00366488209,FollowWall,following_right_wall,0,14,42,0.522152662,-1,-1,-1,1,0.35400027,-1,100,0,0,0,0,0
28.65,1.74462797,-0.574094275,-97.7876365,0.0797556745,0.00366488209,FollowWall,following_right_wall,0,14,42,0.522152662,-1,-1,-1,1,0.35400027,-1,100,0,0,0,0,0
28.7,1.74408799,-0.578045281,-97.7770955,0.0797446291,0.00383056388,FollowWall,following_right_wall,0,14,42,0.521089077,-1,-1,-1,1,0.353070825,-1,100,0,0,0,0,0
28.75,1.74354877,-0.58199618,-97.7663742,0.0797446291,0.00383056388,FollowWall,following_right_wall,0,14,42,0.521089077,-1,-1,-1,1,0.353070825,-1,100,0,0,0,0,0
28.8,1.74301031,-0.585947058,-97.7555477,0.079698712,0.00451931925,FollowWall,following_right_wall,0,14,42,0.520017266,-1,-1,-1,1,0.352110893,-1,100,0,0,0,0,0
28.85,1.74247276,-0.589897024,-97.7438377,0.079698712,0.00451931925,FollowWall,following_right_wall,0,14,42,0.520017266,-1,-1,-1,1,0.352110893,-1,100,0,0,0,0,0
28.9,1.74193612,-0.593846507,-97.7316123,0.0795738802,0.00639179676,FollowWall,following_right_wall,0,14,42,0.518952727,-1,-1,-1,1,0.35111779,-1,100,0,0,0,0,0
28.95,1.74140081,-0.597793194,-97.7168512,0.0795738802,0.00639179676,FollowWall,following_right_wall,0,14,42,0.518952727,-1,-1,-1,1,0.35111779,-1,100,0,0,0,0,0
29,1.74086679,-0.601738319,-97.7006109,0.0794520232,0.00821965239,FollowWall,following_right_wall,0,14,42,0.517936885,-1,-1,-1,1,0.349799305,-1,100,1,0,0,0,1
