name,version,outcome,completed,entered,approached,returned,contact,final_time,final_yaw,final_reason,fault_scans,fault_zero_commands,min_cap_gap
forced_right_06,original,goal_completed,True,True,False,False,False,33.05,-90.681137,following_right_wall,0,False,
forced_right_06,new,goal_completed,True,True,False,False,False,39.5,-96.1301434,following_with_distance_only,0,False,
forced_right_08,original,goal_completed,True,True,False,False,False,29.1,-97.8587254,following_right_wall,0,False,
forced_right_08,new,goal_completed,True,True,False,False,False,40.2,-96.7225995,following_with_distance_only,0,False,
right_opening_06,original,goal_completed,True,True,False,False,False,33.05,-90.681137,following_right_wall,0,False,
right_opening_06,new,goal_completed,True,True,False,False,False,39.5,-96.1301434,following_with_distance_only,0,False,
right_opening_08,original,goal_completed,True,True,False,False,False,29.1,-97.8587254,following_right_wall,0,False,
right_opening_08,new,goal_completed,True,True,False,False,False,40.2,-96.7225995,following_with_distance_only,0,False,
corner_partial_06,original,navigation_incomplete,False,False,False,False,False,180.0,-23.2953292,scan_sector_invalid,1599,True,
corner_partial_06,new,goal_completed,True,True,False,False,False,39.5,-96.1301434,following_with_distance_only,24,False,
corner_partial_08,original,navigation_incomplete,False,False,False,False,False,180.0,-23.3745633,scan_sector_invalid,1597,True,
corner_partial_08,new,goal_completed,True,True,False,False,False,40.2,-96.7225995,following_with_distance_only,24,False,
dead_end_1m_06,original,goal_completed,True,True,True,True,False,52.35,89.7787596,following_right_wall,0,False,0.106411561
dead_end_1m_06,new,goal_completed,True,True,True,True,False,59.3,87.5374302,following_right_wall,0,False,0.178439496
dead_end_2m_06,original,goal_completed,True,True,True,True,False,77.4,90.1650804,following_right_wall,0,False,0.108632295
dead_end_2m_06,new,goal_completed,True,True,True,True,False,84.4,89.4909696,following_right_wall,0,False,0.180081499
dead_end_2m_08,original,goal_completed,True,True,True,True,False,76.05,90.0579386,following_right_wall,0,False,0.107408354
dead_end_2m_08,new,goal_completed,True,True,True,True,False,90.9,89.7921882,following_right_wall,0,False,0.148718376
dead_end_3m_08,original,goal_completed,True,True,True,True,False,101.3,90.3182804,following_right_wall,0,False,0.103135434
dead_end_3m_08,new,goal_completed,True,True,True,True,False,115.9,89.9069868,following_right_wall,0,False,0.151816424
dead_end_partial_06,original,navigation_incomplete,False,False,False,False,False,180.0,-23.2953292,scan_sector_invalid,1599,True,2.11018356
dead_end_partial_06,new,goal_completed,True,True,True,True,False,84.4,89.4909696,following_right_wall,24,False,0.180081499
dead_end_partial_08,original,navigation_incomplete,False,False,False,False,False,180.0,-23.3745633,scan_sector_invalid,1597,True,2.11722047
dead_end_partial_08,new,goal_completed,True,True,True,True,False,90.9,89.7921882,following_right_wall,24,False,0.148718376
dead_end_side_loss_06,original,goal_completed,True,True,True,True,False,78.3,90.1173712,following_right_wall,9,True,0.108240503
dead_end_side_loss_06,new,goal_completed,True,True,True,True,False,85.2,89.4897026,following_right_wall,8,True,0.180101202
dead_end_front_loss_06,original,goal_completed,True,True,True,True,False,78.3,90.1164496,following_right_wall,9,True,0.108438986
dead_end_front_loss_06,new,goal_completed,True,True,True,True,False,85.2,89.4896647,following_right_wall,8,True,0.180120435
corner_blind_hold_06,original,blind_sector_hold,False,False,False,False,False,65.0,-23.2953292,scan_sector_invalid,449,True,
corner_blind_hold_06,new,blind_sector_hold,False,False,False,False,False,65.0,-25.9710598,manoeuvre_timeout,397,True,
dead_end_rotated_60,original,goal_completed,True,True,True,True,False,71.5,89.2036008,following_right_wall,0,False,0.107936641
dead_end_rotated_60,new,goal_completed,True,True,True,True,False,84.45,89.5302599,following_right_wall,0,False,0.173117765
dead_end_edge_2m,original,goal_completed,True,True,True,True,False,83.65,89.9045603,following_right_wall,0,False,0.104658942
dead_end_edge_2m,new,goal_completed,True,True,True,True,False,98.0,89.7354596,following_right_wall,0,False,0.15177505
right_skew_minus8_06,original,goal_completed,True,True,False,False,False,33.05,-90.6574947,following_right_wall,0,False,
right_skew_minus8_06,new,goal_completed,True,True,False,False,False,39.45,-95.5660169,following_with_distance_only,0,False,
right_skew_plus8_08,original,goal_completed,True,True,False,False,False,29.25,-97.8130253,following_right_wall,0,False,
right_skew_plus8_08,new,goal_completed,True,True,False,False,False,40.3,-96.1814807,following_with_distance_only,0,False,
right_offset_left_06,original,goal_completed,True,True,False,False,False,29.0,-97.7006109,following_right_wall,0,False,
right_offset_left_06,new,goal_completed,True,True,False,False,False,39.85,-96.8118385,following_with_distance_only,0,False,
right_offset_right_08,original,goal_completed,True,True,False,False,False,29.0,-97.898006,following_right_wall,0,False,
right_offset_right_08,new,goal_completed,True,True,False,False,False,39.85,-96.6622216,following_with_distance_only,0,False,
dead_end_slower_response,original,goal_completed,True,True,True,True,False,93.7,89.9363425,following_right_wall,0,False,0.104623596
dead_end_slower_response,new,goal_completed,True,True,True,True,False,103.5,89.8666823,following_right_wall,0,False,0.145539928
attached_obstacle_06,original,goal_completed,True,True,False,False,False,30.3,-97.7264744,following_right_wall,0,False,
attached_obstacle_06,new,navigation_incomplete,False,False,False,False,False,180.0,29.4896151,manoeuvre_timeout,0,False,
attached_obstacle_08,original,goal_completed,True,True,False,False,False,30.55,-97.8035804,following_right_wall,0,False,
attached_obstacle_08,new,goal_completed,True,True,False,False,False,56.5,-95.4233601,following_with_distance_only,0,False,
archived_settings_08,original,goal_completed,True,True,False,False,False,28.5,-99.6891617,following_right_wall,0,False,
archived_settings_08,new,navigation_incomplete,False,False,False,False,False,65.0,-30.0684722,right_wall_unobserved,0,False,
